tdate;ttext;tgeo
2016-07-26 12:44:48;–ö–∞–∫ –ø—Ä–∏–∫–æ–ª—å–Ω–æ —Ö–æ–¥–∏—Ç—å –ø–æ –≥–æ—Ä–æ–¥—É –≤ –∏—Ç–º–æ—à–Ω–æ–π —Ñ—É—Ç–±–æ–ª–∫–µ. –í—Å–µ –¥—É–º–∞—é—Ç, —á—Ç–æ —Ç—ã –∏–∑ –∏—Ç–º–æ, –∞ —Ç—ã –Ω–µ—Ç;None
2016-07-26 12:15:32;–£–Ω–∏–≤–µ—Ä—Å–∏—Ç–µ—Ç –ò–¢–ú–û –≤–æ—à–µ–ª –≤ –¥–µ—Å—è—Ç–∫—É –ª—É—á—à–∏—Ö –∏—Å—Å–ª–µ–¥–æ–≤–∞—Ç–µ–ª—å—Å–∫–∏—Ö –≤—É–∑–æ–≤ –†–æ—Å—Å–∏–∏;None
2016-07-26 12:07:18;RT @spbifmo: –ö–∞–∫ —É–µ—Ö–∞—Ç—å –Ω–∞ —Å–µ–º–µ—Å—Ç—Ä –≤ –æ–¥–∏–Ω –∏–∑ –ª—É—á—à–∏—Ö –≤—É–∑–æ–≤ –ï–≤—Ä–æ–ø—ã –∏ –æ—Å—Ç–∞—Ç—å—Å—è —Ç–∞–º –Ω–∞ –¥–≤–∞ –≥–æ–¥–∞ https://t.co/3G2GkAP3cA #–ò–¢–ú–û;None
2016-07-26 12:03:17;–ö–∞–∫ —É–µ—Ö–∞—Ç—å –Ω–∞ —Å–µ–º–µ—Å—Ç—Ä –≤ –æ–¥–∏–Ω –∏–∑ –ª—É—á—à–∏—Ö –≤—É–∑–æ–≤ –ï–≤—Ä–æ–ø—ã –∏ –æ—Å—Ç–∞—Ç—å—Å—è —Ç–∞–º –Ω–∞ –¥–≤–∞ –≥–æ–¥–∞ https://t.co/3G2GkAP3cA #–ò–¢–ú–û;None
2016-07-26 11:44:03;–£–Ω–∏–≤–µ—Ä—Å–∏—Ç–µ—Ç –ò–¢–ú–û –≤–æ—à–µ–ª –≤ –¥–µ—Å—è—Ç–∫—É –ª—É—á—à–∏—Ö –∏—Å—Å–ª–µ–¥–æ–≤–∞—Ç–µ–ª—å—Å–∫–∏—Ö –≤—É–∑–æ–≤ –†–æ—Å—Å–∏–∏ https://t.co/9irwsGN7GQ;None
2016-07-26 11:08:02;–£–Ω–∏–≤–µ—Ä—Å–∏—Ç–µ—Ç –ò–¢–ú–û –≤–æ—à–µ–ª –≤ –¥–µ—Å—è—Ç–∫—É –ª—É—á—à–∏—Ö –∏—Å—Å–ª–µ–¥–æ–≤–∞—Ç–µ–ª—å—Å–∫–∏—Ö –≤—É–∑–æ–≤ –†–æ—Å—Å–∏–∏ https://t.co/gEaUzNlBuc;None
2016-07-26 11:06:36;–£–Ω–∏–≤–µ—Ä—Å–∏—Ç–µ—Ç –ò–¢–ú–û –≤–æ—à–µ–ª –≤ –¥–µ—Å—è—Ç–∫—É –ª—É—á—à–∏—Ö –∏—Å—Å–ª–µ–¥–æ–≤–∞—Ç–µ–ª—å—Å–∫–∏—Ö –≤—É–∑–æ–≤ –†–æ—Å—Å–∏–∏;None
2016-07-26 11:06:35;–£–Ω–∏–≤–µ—Ä—Å–∏—Ç–µ—Ç –ò–¢–ú–û –≤–æ—à–µ–ª –≤ –¥–µ—Å—è—Ç–∫—É –ª—É—á—à–∏—Ö –∏—Å—Å–ª–µ–¥–æ–≤–∞—Ç–µ–ª—å—Å–∫–∏—Ö –≤—É–∑–æ–≤ –†–æ—Å—Å–∏–∏;None
2016-07-26 11:06:34;–£–Ω–∏–≤–µ—Ä—Å–∏—Ç–µ—Ç –ò–¢–ú–û –≤–æ—à–µ–ª –≤ –¥–µ—Å—è—Ç–∫—É –ª—É—á—à–∏—Ö –∏—Å—Å–ª–µ–¥–æ–≤–∞—Ç–µ–ª—å—Å–∫–∏—Ö –≤—É–∑–æ–≤ –†–æ—Å—Å–∏–∏;None
2016-07-26 10:36:56;–í –ò–¢–ú–û —Å—Ç–æ—è—Ç 2 –∑–¥–æ—Ä–æ–≤–µ–Ω–Ω—ã—Ö –ø–æ–∫–µ–±–æ–ª–∞ (yo have a cancer b0ss) –∏ –≤—Å–µ —Å—Ç–µ–Ω—ã –≤ –¥–∂–µ–π–∫–µ –ø—Å–µ. –ï—Å–ª–∏ –ø–æ–π–¥—É –∑–∞–±–∏—Ä–∞—Ç—å –¥–æ–∫–∏ –¥–ª—è –°–∞—Ñ—É —Ç–æ —Å—Ñ–æ—Ç–∫–∞—é;None
2016-07-26 10:06:11;–£–Ω–∏–≤–µ—Ä—Å–∏—Ç–µ—Ç –ò–¢–ú–û –≤–æ—à–µ–ª –≤ –¥–µ—Å—è—Ç–∫—É –ª—É—á—à–∏—Ö –∏—Å—Å–ª–µ–¥–æ–≤–∞—Ç–µ–ª—å—Å–∫–∏—Ö –≤—É–∑–æ–≤ –†–æ—Å—Å–∏–∏;None
2016-07-26 09:47:25;–ö–∞–∫ –∏–∑—É—á–∏—Ç—å —Ç–æ–Ω–∫—É—é —Å—Ç—Ä—É–∫—Ç—É—Ä—É —Å–æ —Å–≤–µ—Ä—Ö–≤—ã—Å–æ–∫–∏–º —Ä–∞–∑—Ä–µ—à–µ–Ω–∏–µ–º¬†https://t.co/HY2HCaulQ4 #–ò–¢–ú–û;None
2016-07-26 09:03:12;–£–Ω–∏–≤–µ—Ä—Å–∏—Ç–µ—Ç –ò–¢–ú–û –≤–æ—à–µ–ª –≤ –¥–µ—Å—è—Ç–∫—É –ª—É—á—à–∏—Ö –∏—Å—Å–ª–µ–¥–æ–≤–∞—Ç–µ–ª—å—Å–∫–∏—Ö –≤—É–∑–æ–≤ –†–æ—Å—Å–∏–∏;None
2016-07-26 09:03:06;–£–Ω–∏–≤–µ—Ä—Å–∏—Ç–µ—Ç –ò–¢–ú–û –≤–æ—à–µ–ª –≤ –¥–µ—Å—è—Ç–∫—É –ª—É—á—à–∏—Ö –∏—Å—Å–ª–µ–¥–æ–≤–∞—Ç–µ–ª—å—Å–∫–∏—Ö –≤—É–∑–æ–≤ –†–æ—Å—Å–∏–∏;None
2016-07-26 08:48:07;–ó–∞—Å–µ–ª–∏–ª—Å—è. (@ –°—Ç—É–¥–µ–Ω—á–µ—Å–∫–∏–π –≥–æ—Ä–æ–¥–æ–∫ –£–Ω–∏–≤–µ—Ä—Å–∏—Ç–µ—Ç–∞ –ò–¢–ú–û in –°–∞–Ω–∫—Ç-–ü–µ—Ç–µ—Ä–±—É—Ä–≥) https://t.co/tFDAerNVX9;None
2016-07-26 08:09:53;–ü–æ–π–º–∞–π –≤—Å–µ—Ö –∏ –ø–µ—Ä–µ–≤–æ–¥–∏—Å—å –∏–∑ –ò–¢–ú–û. –°—Ç—É–¥–µ–Ω—Ç –∏–∑ –ü–µ—Ç–µ—Ä–±—É—Ä–≥–∞ —Å—Ç–∞–ª –ª—É—á—à–∏–º –æ—Ö–æ—Ç–Ω–∏–∫–æ–º –Ω–∞ –ø–æ–∫–µ–º–æ–Ω–æ–≤ –≤ –º–∏—Ä–µ https://t.co/a1OUgsalzb;None
2016-07-26 07:28:25;–ò —Ç—É—Ç –ø–æ–∫–µ–º–æ–Ω—ã, –∞–∞–∞–∞. –û–Ω–∏ –ø–æ—Å—Ç–∞–≤–∏–ª–∏ –Ω–∞ –ø—Ä–æ—Ö–æ–¥–Ω–æ–π –ø–æ–∫–µ—Ç–±–æ–ª–ª—ã, –Ω—É –∏–ª–∏ –∫–∞–∫ –æ–Ω–∏ –Ω–∞–∑—ã–≤–∞—é—Ç—Å—è. –≠—Ç–æ —è –ø—Ä–æ –∏—Ç–º–æ.;None
2016-07-26 01:48:02;–£–Ω–∏–≤–µ—Ä—Å–∏—Ç–µ—Ç –ò–¢–ú–û –≤–æ—à–µ–ª –≤ –¥–µ—Å—è—Ç–∫—É –ª—É—á—à–∏—Ö –∏—Å—Å–ª–µ–¥–æ–≤–∞—Ç–µ–ª—å—Å–∫–∏—Ö –≤—É–∑–æ–≤ –†–æ—Å—Å–∏–∏ https://t.co/ICKCJjxxKF;None
2016-07-26 01:15:29;–£–Ω–∏–≤–µ—Ä—Å–∏—Ç–µ—Ç –ò–¢–ú–û –≤–æ—à–µ–ª –≤ –¥–µ—Å—è—Ç–∫—É –ª—É—á—à–∏—Ö –∏—Å—Å–ª–µ–¥–æ–≤–∞—Ç–µ–ª—å—Å–∫–∏—Ö –≤—É–∑–æ–≤ –†–æ—Å—Å–∏–∏;None
2016-07-26 00:51:08;–£–Ω–∏–≤–µ—Ä—Å–∏—Ç–µ—Ç –ò–¢–ú–û –≤–æ—à–µ–ª –≤ –¥–µ—Å—è—Ç–∫—É –ª—É—á—à–∏—Ö –∏—Å—Å–ª–µ–¥–æ–≤–∞—Ç–µ–ª—å—Å–∫–∏—Ö –≤—É–∑–æ–≤ –†–æ—Å—Å–∏–∏;None
2016-07-26 00:51:08;–£–Ω–∏–≤–µ—Ä—Å–∏—Ç–µ—Ç –ò–¢–ú–û –≤–æ—à–µ–ª –≤ –¥–µ—Å—è—Ç–∫—É –ª—É—á—à–∏—Ö –∏—Å—Å–ª–µ–¥–æ–≤–∞—Ç–µ–ª—å—Å–∫–∏—Ö –≤—É–∑–æ–≤ –†–æ—Å—Å–∏–∏;None
2016-07-25 23:48:37;–£–Ω–∏–≤–µ—Ä—Å–∏—Ç–µ—Ç –ò–¢–ú–û –≤–æ—à–µ–ª –≤ –¥–µ—Å—è—Ç–∫—É –ª—É—á—à–∏—Ö –∏—Å—Å–ª–µ–¥–æ–≤–∞—Ç–µ–ª—å—Å–∫–∏—Ö –≤—É–∑–æ–≤ –†–æ—Å—Å–∏–∏;None
2016-07-25 23:40:03;–£–Ω–∏–≤–µ—Ä—Å–∏—Ç–µ—Ç –ò–¢–ú–û –≤–æ—à–µ–ª –≤ –¥–µ—Å—è—Ç–∫—É –ª—É—á—à–∏—Ö –∏—Å—Å–ª–µ–¥–æ–≤–∞—Ç–µ–ª—å—Å–∫–∏—Ö –≤—É–∑–æ–≤ –†–æ—Å—Å–∏–∏ https://t.co/s0rIv7eSSY;None
2016-07-25 22:47:08;–£–Ω–∏–≤–µ—Ä—Å–∏—Ç–µ—Ç –ò–¢–ú–û –≤–æ—à–µ–ª –≤ –¥–µ—Å—è—Ç–∫—É –ª—É—á—à–∏—Ö –∏—Å—Å–ª–µ–¥–æ–≤–∞—Ç–µ–ª—å—Å–∫–∏—Ö –≤—É–∑–æ–≤ –†–æ—Å—Å–∏–∏;None
2016-07-25 22:41:27;—Ä–µ–∞–ª—å–Ω–æ –ª–∏ –ø–æ—Å—Ç—É–ø–∏—Ç—å –Ω–∞ –±—é–¥–∂–µ—Ç –≤ –ò–¢–ú–û;None
2016-07-25 22:32:03;–£–Ω–∏–≤–µ—Ä—Å–∏—Ç–µ—Ç –ò–¢–ú–û –≤–æ—à–µ–ª –≤ –¥–µ—Å—è—Ç–∫—É –ª—É—á—à–∏—Ö –∏—Å—Å–ª–µ–¥–æ–≤–∞—Ç–µ–ª—å—Å–∫–∏—Ö –≤—É–∑–æ–≤ –†–æ—Å—Å–∏–∏ https://t.co/5dbJwL2sSr;None
2016-07-25 21:45:07;–£–Ω–∏–≤–µ—Ä—Å–∏—Ç–µ—Ç –ò–¢–ú–û –≤–æ—à–µ–ª –≤ –¥–µ—Å—è—Ç–∫—É –ª—É—á—à–∏—Ö –∏—Å—Å–ª–µ–¥–æ–≤–∞—Ç–µ–ª—å—Å–∫–∏—Ö –≤—É–∑–æ–≤ –†–æ—Å—Å–∏–∏;None
2016-07-25 20:42:08;–£–Ω–∏–≤–µ—Ä—Å–∏—Ç–µ—Ç –ò–¢–ú–û –≤–æ—à–µ–ª –≤ –¥–µ—Å—è—Ç–∫—É –ª—É—á—à–∏—Ö –∏—Å—Å–ª–µ–¥–æ–≤–∞—Ç–µ–ª—å—Å–∫–∏—Ö –≤—É–∑–æ–≤ –†–æ—Å—Å–∏–∏;None
2016-07-25 20:42:07;–£–Ω–∏–≤–µ—Ä—Å–∏—Ç–µ—Ç –ò–¢–ú–û –≤–æ—à–µ–ª –≤ –¥–µ—Å—è—Ç–∫—É –ª—É—á—à–∏—Ö –∏—Å—Å–ª–µ–¥–æ–≤–∞—Ç–µ–ª—å—Å–∫–∏—Ö –≤—É–∑–æ–≤ –†–æ—Å—Å–∏–∏;None
2016-07-25 19:55:14;–£–Ω–∏–≤–µ—Ä—Å–∏—Ç–µ—Ç –ò–¢–ú–û –≤–æ—à–µ–ª –≤ –¥–µ—Å—è—Ç–∫—É –ª—É—á—à–∏—Ö –∏—Å—Å–ª–µ–¥–æ–≤–∞—Ç–µ–ª—å—Å–∫–∏—Ö –≤—É–∑–æ–≤ –†–æ—Å—Å–∏–∏ #–õ–∞–π–∫;None
2016-07-25 19:39:36;–£–Ω–∏–≤–µ—Ä—Å–∏—Ç–µ—Ç –ò–¢–ú–û –≤–æ—à–µ–ª –≤ –¥–µ—Å—è—Ç–∫—É –ª—É—á—à–∏—Ö –∏—Å—Å–ª–µ–¥–æ–≤–∞—Ç–µ–ª—å—Å–∫–∏—Ö –≤—É–∑–æ–≤ –†–æ—Å—Å–∏–∏;None
2016-07-25 19:39:35;–£–Ω–∏–≤–µ—Ä—Å–∏—Ç–µ—Ç –ò–¢–ú–û –≤–æ—à–µ–ª –≤ –¥–µ—Å—è—Ç–∫—É –ª—É—á—à–∏—Ö –∏—Å—Å–ª–µ–¥–æ–≤–∞—Ç–µ–ª—å—Å–∫–∏—Ö –≤—É–∑–æ–≤ –†–æ—Å—Å–∏–∏;None
2016-07-25 19:39:34;–£–Ω–∏–≤–µ—Ä—Å–∏—Ç–µ—Ç –ò–¢–ú–û –≤–æ—à–µ–ª –≤ –¥–µ—Å—è—Ç–∫—É –ª—É—á—à–∏—Ö –∏—Å—Å–ª–µ–¥–æ–≤–∞—Ç–µ–ª—å—Å–∫–∏—Ö –≤—É–∑–æ–≤ –†–æ—Å—Å–∏–∏;None
2016-07-25 19:39:33;–£–Ω–∏–≤–µ—Ä—Å–∏—Ç–µ—Ç –ò–¢–ú–û –≤–æ—à–µ–ª –≤ –¥–µ—Å—è—Ç–∫—É –ª—É—á—à–∏—Ö –∏—Å—Å–ª–µ–¥–æ–≤–∞—Ç–µ–ª—å—Å–∫–∏—Ö –≤—É–∑–æ–≤ –†–æ—Å—Å–∏–∏;None
2016-07-25 19:19:54;–£–Ω–∏–≤–µ—Ä—Å–∏—Ç–µ—Ç –ò–¢–ú–û –≤–æ—à–µ–ª –≤ –¥–µ—Å—è—Ç–∫—É –ª—É—á—à–∏—Ö –∏—Å—Å–ª–µ–¥–æ–≤–∞—Ç–µ–ª—å—Å–∫–∏—Ö –≤—É–∑–æ–≤ –†–æ—Å—Å–∏–∏;None
2016-07-25 19:12:02;–£–Ω–∏–≤–µ—Ä—Å–∏—Ç–µ—Ç –ò–¢–ú–û –≤–æ—à–µ–ª –≤ –¥–µ—Å—è—Ç–∫—É –ª—É—á—à–∏—Ö –∏—Å—Å–ª–µ–¥–æ–≤–∞—Ç–µ–ª—å—Å–∫–∏—Ö –≤—É–∑–æ–≤ –†–æ—Å—Å–∏–∏ https://t.co/cBFtpfXPBX;None
2016-07-25 18:38:07;–£–Ω–∏–≤–µ—Ä—Å–∏—Ç–µ—Ç –ò–¢–ú–û –≤–æ—à–µ–ª –≤ –¥–µ—Å—è—Ç–∫—É –ª—É—á—à–∏—Ö –∏—Å—Å–ª–µ–¥–æ–≤–∞—Ç–µ–ª—å—Å–∫–∏—Ö –≤—É–∑–æ–≤ –†–æ—Å—Å–∏–∏: –ö–∞–∫ –æ—Ç–º–µ—á–∞—é—Ç —ç–∫—Å–ø–µ—Ä—Ç—ã, –∑–∞–º–µ—Ç–Ω–æ –∞–∫—Ç–∏–≤–∏–∑–∏—Ä–æ–≤–∞–ª–∏—Å—å –≤¬†–ø–ª–∞–Ω–µ‚Ä¶;None
2016-07-25 18:17:19;RT @peterburgkrasiv: –£–Ω–∏–≤–µ—Ä—Å–∏—Ç–µ—Ç –ò–¢–ú–û –ø—Ä–∏–≥–ª–∞—à–∞–µ—Ç –∞–±–∏—Ç—É—Ä–∏–µ–Ω—Ç–æ–≤ –Ω–∞ –º–∞–≥–∏—Å—Ç–µ—Ä—Å–∫—É—é –ø—Ä–æ–≥—Ä–∞–º–º—É –ø–æ —É—Ä–±–∞–Ω–∏—Å—Ç–∏–∫–µ. /  / –î–æ 15 –∞–≤–≥—É—Å—Ç–∞ –º–∞–≥–∏—Å—Ç—Ä–∞—Ç—É—Ä.. ht‚Ä¶;None
2016-07-25 18:14:41;–£–Ω–∏–≤–µ—Ä—Å–∏—Ç–µ—Ç –ò–¢–ú–û –≤–æ—à–µ–ª –≤ –¥–µ—Å—è—Ç–∫—É –ª—É—á—à–∏—Ö –∏—Å—Å–ª–µ–¥–æ–≤–∞—Ç–µ–ª—å—Å–∫–∏—Ö –≤—É–∑–æ–≤ –†–æ—Å—Å–∏–∏ https://t.co/cuyqOoPnTw https://t.co/ROKF2winIN;None
2016-07-25 17:48:03;–£–Ω–∏–≤–µ—Ä—Å–∏—Ç–µ—Ç –ò–¢–ú–û –≤–æ—à–µ–ª –≤ –¥–µ—Å—è—Ç–∫—É –ª—É—á—à–∏—Ö –∏—Å—Å–ª–µ–¥–æ–≤–∞—Ç–µ–ª—å—Å–∫–∏—Ö –≤—É–∑–æ–≤ –†–æ—Å—Å–∏–∏ https://t.co/tahBK2fgx4;None
2016-07-25 17:46:52;–£–Ω–∏–≤–µ—Ä—Å–∏—Ç–µ—Ç –ò–¢–ú–û –ø—Ä–∏–≥–ª–∞—à–∞–µ—Ç –∞–±–∏—Ç—É—Ä–∏–µ–Ω—Ç–æ–≤ –Ω–∞ –º–∞–≥–∏—Å—Ç–µ—Ä—Å–∫—É—é –ø—Ä–æ–≥—Ä–∞–º–º—É –ø–æ —É—Ä–±–∞–Ω–∏—Å—Ç–∏–∫–µ. /  / –î–æ 15 –∞–≤–≥—É—Å—Ç–∞ –º–∞–≥–∏—Å—Ç—Ä–∞—Ç—É—Ä.. https://t.co/cGk5U9hel6;None
2016-07-25 17:39:37;–£–Ω–∏–≤–µ—Ä—Å–∏—Ç–µ—Ç –ò–¢–ú–û –≤–æ—à–µ–ª –≤ –¥–µ—Å—è—Ç–∫—É –ª—É—á—à–∏—Ö –∏—Å—Å–ª–µ–¥–æ–≤–∞—Ç–µ–ª—å—Å–∫–∏—Ö –≤—É–∑–æ–≤ –†–æ—Å—Å–∏–∏;None
2016-07-25 17:36:37;–£–Ω–∏–≤–µ—Ä—Å–∏—Ç–µ—Ç –ò–¢–ú–û –≤–æ—à–µ–ª –≤ –¥–µ—Å—è—Ç–∫—É –ª—É—á—à–∏—Ö –∏—Å—Å–ª–µ–¥–æ–≤–∞—Ç–µ–ª—å—Å–∫–∏—Ö –≤—É–∑–æ–≤ –†–æ—Å—Å–∏–∏;None
2016-07-25 17:36:34;–£–Ω–∏–≤–µ—Ä—Å–∏—Ç–µ—Ç –ò–¢–ú–û –≤–æ—à–µ–ª –≤ –¥–µ—Å—è—Ç–∫—É –ª—É—á—à–∏—Ö –∏—Å—Å–ª–µ–¥–æ–≤–∞—Ç–µ–ª—å—Å–∫–∏—Ö –≤—É–∑–æ–≤ –†–æ—Å—Å–∏–∏;None
2016-07-25 17:34:23;–ö–∞–∫ –ø–æ—Å—Ç—É–ø–∏—Ç—å –≤ –ò–¢–ú–û (–°–∞–Ω–∫—Ç-–ü–µ—Ç–µ—Ä–±—É—Ä–≥)?;None
2016-07-25 17:30:17;–£–Ω–∏–≤–µ—Ä—Å–∏—Ç–µ—Ç –ò–¢–ú–û –≤–æ—à–µ–ª –≤ –¥–µ—Å—è—Ç–∫—É –ª—É—á—à–∏—Ö –∏—Å—Å–ª–µ–¥–æ–≤–∞—Ç–µ–ª—å—Å–∫–∏—Ö –≤—É–∑–æ–≤ –†–æ—Å—Å–∏–∏;None
2016-07-25 17:29:47;–°—Ç–æ–∏—Ç –ª–∏ –ø–æ—Å—Ç—É–ø–∞—Ç—å –≤ –°–ü–±–ì–£ –ò–¢–ú–û?;None
2016-07-25 17:10:48;–£–Ω–∏–≤–µ—Ä—Å–∏—Ç–µ—Ç –ò–¢–ú–û –≤–æ—à–µ–ª –≤ –¥–µ—Å—è—Ç–∫—É –ª—É—á—à–∏—Ö –∏—Å—Å–ª–µ–¥–æ–≤–∞—Ç–µ–ª—å—Å–∫–∏—Ö –≤—É–∑–æ–≤ –†–æ—Å—Å–∏–∏ #GO;None
2016-07-25 17:10:19;#973 –£–Ω–∏–≤–µ—Ä—Å–∏—Ç–µ—Ç –ò–¢–ú–û –≤–æ—à–µ–ª –≤ –¥–µ—Å—è—Ç–∫—É –ª—É—á—à–∏—Ö –∏—Å—Å–ª–µ–¥–æ–≤–∞—Ç–µ–ª—å—Å–∫–∏—Ö –≤—É–∑–æ–≤ –†–æ—Å—Å–∏–∏ #lv;None
2016-07-25 17:08:10;–£–Ω–∏–≤–µ—Ä—Å–∏—Ç–µ—Ç –ò–¢–ú–û –≤–æ—à–µ–ª –≤ –¥–µ—Å—è—Ç–∫—É –ª—É—á—à–∏—Ö –∏—Å—Å–ª–µ–¥–æ–≤–∞—Ç–µ–ª—å—Å–∫–∏—Ö –≤—É–∑–æ–≤ –†–æ—Å—Å–∏–∏ #ukam;None
2016-07-25 17:05:13;–£–Ω–∏–≤–µ—Ä—Å–∏—Ç–µ—Ç –ò–¢–ú–û –≤–æ—à–µ–ª –≤ –¥–µ—Å—è—Ç–∫—É –ª—É—á—à–∏—Ö –∏—Å—Å–ª–µ–¥–æ–≤–∞—Ç–µ–ª—å—Å–∫–∏—Ö –≤—É–∑–æ–≤ –†–æ—Å—Å–∏–∏ #se;None
2016-07-25 17:01:38;–£–Ω–∏–≤–µ—Ä—Å–∏—Ç–µ—Ç –ò–¢–ú–û –≤–æ—à–µ–ª –≤ –¥–µ—Å—è—Ç–∫—É –ª—É—á—à–∏—Ö –∏—Å—Å–ª–µ–¥–æ–≤–∞—Ç–µ–ª—å—Å–∫–∏—Ö –≤—É–∑–æ–≤ –†–æ—Å—Å–∏–∏: –ö–∞–∫ –æ—Ç–º–µ—á–∞—é—Ç —ç–∫—Å–ø–µ—Ä—Ç—ã, –∑–∞–º–µ—Ç–Ω–æ‚Ä¶ https://t.co/UuAv2eA9mo;None
2016-07-25 17:01:00;#38 –£–Ω–∏–≤–µ—Ä—Å–∏—Ç–µ—Ç –ò–¢–ú–û –≤–æ—à–µ–ª –≤ –¥–µ—Å—è—Ç–∫—É –ª—É—á—à–∏—Ö –∏—Å—Å–ª–µ–¥–æ–≤–∞—Ç–µ–ª—å—Å–∫–∏—Ö –≤—É–∑–æ–≤ –†–æ—Å—Å–∏–∏ #ker;None
2016-07-25 17:00:26;#84 –£–Ω–∏–≤–µ—Ä—Å–∏—Ç–µ—Ç –ò–¢–ú–û –≤–æ—à–µ–ª –≤ –¥–µ—Å—è—Ç–∫—É –ª—É—á—à–∏—Ö –∏—Å—Å–ª–µ–¥–æ–≤–∞—Ç–µ–ª—å—Å–∫–∏—Ö –≤—É–∑–æ–≤ –†–æ—Å—Å–∏–∏ #ke;None
2016-07-25 16:57:14;#96 –£–Ω–∏–≤–µ—Ä—Å–∏—Ç–µ—Ç –ò–¢–ú–û –≤–æ—à–µ–ª –≤ –¥–µ—Å—è—Ç–∫—É –ª—É—á—à–∏—Ö –∏—Å—Å–ª–µ–¥–æ–≤–∞—Ç–µ–ª—å—Å–∫–∏—Ö –≤—É–∑–æ–≤ –†–æ—Å—Å–∏–∏ #ke;None
2016-07-25 16:55:51;#nau –£–Ω–∏–≤–µ—Ä—Å–∏—Ç–µ—Ç –ò–¢–ú–û –≤–æ—à–µ–ª –≤ –¥–µ—Å—è—Ç–∫—É –ª—É—á—à–∏—Ö –∏—Å—Å–ª–µ–¥–æ–≤–∞—Ç–µ–ª—å—Å–∫–∏—Ö –≤—É–∑–æ–≤ –†–æ—Å—Å–∏–∏;None
2016-07-25 16:54:55;#56 –£–Ω–∏–≤–µ—Ä—Å–∏—Ç–µ—Ç –ò–¢–ú–û –≤–æ—à–µ–ª –≤ –¥–µ—Å—è—Ç–∫—É –ª—É—á—à–∏—Ö –∏—Å—Å–ª–µ–¥–æ–≤–∞—Ç–µ–ª—å—Å–∫–∏—Ö –≤—É–∑–æ–≤ –†–æ—Å—Å–∏–∏ #EG;None
2016-07-25 16:54:33;–£–Ω–∏–≤–µ—Ä—Å–∏—Ç–µ—Ç –ò–¢–ú–û –≤–æ—à–µ–ª –≤ –¥–µ—Å—è—Ç–∫—É –ª—É—á—à–∏—Ö –∏—Å—Å–ª–µ–¥–æ–≤–∞—Ç–µ–ª—å—Å–∫–∏—Ö –≤—É–∑–æ–≤ –†–æ—Å—Å–∏–∏;None
2016-07-25 16:54:25;#no –£–Ω–∏–≤–µ—Ä—Å–∏—Ç–µ—Ç –ò–¢–ú–û –≤–æ—à–µ–ª –≤ –¥–µ—Å—è—Ç–∫—É –ª—É—á—à–∏—Ö –∏—Å—Å–ª–µ–¥–æ–≤–∞—Ç–µ–ª—å—Å–∫–∏—Ö –≤—É–∑–æ–≤ –†–æ—Å—Å–∏–∏;None
2016-07-25 16:06:12;–í –ü–µ—Ç–µ—Ä–±—É—Ä–≥–µ –∑–∞ –≤—ã–±–æ—Ä–∞–º–∏ –ø—Ä–æ—Å–ª–µ–¥–∏—Ç —Ä–µ–∫—Ç–æ—Ä –ò–¢–ú–û - –í–ª–∞—Å—Ç—å - –ù–æ–≤–æ—Å—Ç–∏ –°–∞–Ω–∫—Ç-–ü–µ—Ç–µ—Ä–±—É—Ä–≥–∞ - –§–æ–Ω—Ç–∞–Ω–∫–∞.–†—É https://t.co/jU8nv5Fq9d —á–µ—Ä–µ–∑ @Fontanka_spb;None
2016-07-25 16:00:20;–í –ü–µ—Ç–µ—Ä–±—É—Ä–≥–µ –∑–∞ –≤—ã–±–æ—Ä–∞–º–∏ –ø—Ä–æ—Å–ª–µ–¥–∏—Ç —Ä–µ–∫—Ç–æ—Ä –ò–¢–ú–û https://t.co/ljih7eWU4c;None
2016-07-25 13:56:40;#–ò–¢–ú–û –≤–æ—à–µ–ª –≤ –¥–µ—Å—è—Ç–∫—É –ª—É—á—à–∏—Ö –∏—Å—Å–ª–µ–¥–æ–≤–∞—Ç–µ–ª—å—Å–∫–∏—Ö –≤—É–∑–æ–≤ –†–æ—Å—Å–∏–∏ https://t.co/wGlNn0aGYI;None
2016-07-25 11:28:55;–ù–µ—Ç, –ò–¢–ú–û, –æ—Ä–∏–≥–∏–Ω–∞–ª—ã —è –≤–∞–º –Ω–µ –ø—Ä–∏–Ω–µ—Å—É https://t.co/accPMwrbqA;None
2016-07-25 11:04:22;#–ò–¢–ú–û –∏ "–õ–µ–∫—Ç–æ—Ä–∏—É–º" –æ—Ç–∫—Ä—ã–ª–∏ —Ä–µ–≥–∏—Å—Ç—Ä–∞—Ü–∏—é –Ω–∞ –ø–µ—Ä–≤—ã–π –≤ –†–æ—Å—Å–∏–∏ –æ–Ω–ª–∞–π–Ω-–∫—É—Ä—Å –ø–æ –Ω–∞—É—á–Ω–æ–π –∫–æ–º–º—É–Ω–∏–∫–∞—Ü–∏–∏ https://t.co/cWFItnYEvP;None
2016-07-25 10:17:35;–ü–æ –∏–¥–µ–µ —è –ø—Ä–æ—Ö–æ–∂—É –≤–æ –≤—Å–µ —É–Ω–∏–∫–∏ –∫—É–¥–∞ –ø–æ–¥–∞–ª–∞ –∑–∞—è–≤–ª–µ–Ω–∏—è –≤ –∏—Ç–º–æ —Ç–æ–ª—å–∫–æ –Ω–∞–¥–æ –ø—Ä–∏–æ—Ä–∏—Ç–µ—Ç –ø–æ–º–µ–Ω—è—Ç—å;None
2016-07-25 09:57:45;—Å–∫–∞–∂–∏—Ç–µ —Ä–µ–∞–ª—å–Ω–æ –ø–æ—Å—Ç—É–ø–∏—Ç—å –≤ –ò–¢–ú–û (–°–∞–Ω–∫—Ç-–ü–µ—Ç–µ—Ä–±—É—Ä–≥) –Ω–∞ –±—é–¥–∂–µ—Ç?;None
2016-07-25 09:44:05;–ü–µ—Ä–µ–ø–∏—Å–∞–ª —Å–æ–≥–ª–∞—Å–∏–µ –Ω–∞ –∑–∞—á–∏—Å–ª–µ–Ω–∏–µ –≤ –ò–¢–ú–û –Ω–∞ –≤—Ç–æ—Ä–æ–π –ø—Ä–∏–æ—Ä–∏—Ç–µ—Ç, —ç—Ö;None
2016-07-25 09:17:00;–í —Ü–µ–Ω—Ç—Ä–µ –¥–ª—è –æ–¥–∞—Ä–µ–Ω–Ω—ã—Ö –¥–µ—Ç–µ–π ¬´–°–∏—Ä–∏—É—Å¬ª –∑–∞–≤–µ—Ä—à–∏–ª–∞—Å—å –ø–µ—Ä–≤–∞—è –ø—Ä–æ–µ–∫—Ç–Ω–∞—è —Å–º–µ–Ω–∞. –†–µ–ø–æ—Ä—Ç–∞–∂ #–ò–¢–ú–û —Å –º–µ—Å—Ç–∞ —Å–æ–±—ã—Ç–∏–π:¬†https://t.co/KonmaBIEg7;None
2016-07-25 08:11:32;–î–æ–±—Ä–æ–µ —É—Ç—Ä–æ, #–ò–¢–ú–û!;None
2016-07-24 12:55:50;QS BRICS: –£–Ω–∏–≤–µ—Ä—Å–∏—Ç–µ—Ç –ò–¢–ú–û —Å—Ç–∞–Ω–æ–≤–∏—Ç—Å—è –±–æ–ª–µ–µ –º–µ–∂–¥—É–Ω–∞—Ä–æ–¥–Ω—ã–º;None
2016-07-24 10:46:59;@nekosch –≤ –ò–¢–ú–û —Ç–æ–∂–µ –Ω–µ –±—ã–ª–æ –∑–≤–æ–Ω–∫–æ–≤.;None
2016-07-24 10:35:06;—Å–∫–∞–∂–∏—Ç–µ —Ä–µ–∞–ª—å–Ω–æ –ø–æ—Å—Ç—É–ø–∏—Ç—å –≤ –ò–¢–ú–û (–°–∞–Ω–∫—Ç-–ü–µ—Ç–µ—Ä–±—É—Ä–≥) –Ω–∞ –±—é–¥–∂–µ—Ç?;None
2016-07-24 10:14:59;–µ—Å–ª–∏ –∫—Ç–æ –≤ –ò–¢–ú–û –ø–æ—Å—Ç—É–ø–∞–ª –ø–æ –æ–ª–∏–º–ø–∏–∞–¥–∞–º —Ä–∞—Å—Å–∫–∞–∂–∏—Ç–µ —Ä–µ–∞–ª—å–Ω–æ —Å–¥–∞—Ç—å –∏–ª–∏—Ç –±–µ–∑ –º–∞–∑—ã —Ç—è–≥–∞—Ç—å—Å—è?;None
2016-07-24 09:34:00;QS BRICS: –£–Ω–∏–≤–µ—Ä—Å–∏—Ç–µ—Ç –ò–¢–ú–û —Å—Ç–∞–Ω–æ–≤–∏—Ç—Å—è –±–æ–ª–µ–µ –º–µ–∂–¥—É–Ω–∞—Ä–æ–¥–Ω—ã–º   https://t.co/2z7EV2C9T9;None
2016-07-24 09:27:01;QS BRICS: –£–Ω–∏–≤–µ—Ä—Å–∏—Ç–µ—Ç –ò–¢–ú–û —Å—Ç–∞–Ω–æ–≤–∏—Ç—Å—è –±–æ–ª–µ–µ –º–µ–∂–¥—É–Ω–∞—Ä–æ–¥–Ω—ã–º:  https://t.co/iBa717WdZ0;None
2016-07-24 09:21:04;QS BRICS: –£–Ω–∏–≤–µ—Ä—Å–∏—Ç–µ—Ç –ò–¢–ú–û —Å—Ç–∞–Ω–æ–≤–∏—Ç—Å—è –±–æ–ª–µ–µ –º–µ–∂–¥—É–Ω–∞—Ä–æ–¥–Ω—ã–º:  https://t.co/ORsas74r0p;None
2016-07-24 09:17:37;RT @openeduRU: –ö—É—Ä—Å—ã –£–Ω–∏–≤–µ—Ä—Å–∏—Ç–µ—Ç–∞ –ò–¢–ú–û @spbifmo –Ω–∞ –ù–∞—Ü–∏–æ–Ω–∞–ª—å–Ω–æ–π –ø–ª–∞—Ç—Ñ–æ—Ä–º–µ: https://t.co/AzxCxXBa3b. https://t.co/1wm7qeAeQ2;None
2016-07-24 09:05:41;–ï—Å—Ç—å –∫—Ç–æ-–Ω–∏–±—É–¥—å –∫—Ç–æ —É—á–∏–ª—Å—è –≤ –ò–¢–ú–û –∏–ª–∏ —É—á–∏—Ç—Å—è —Ç–∞–º?;None
2016-07-24 08:36:04;–ï—Å—Ç—å –∫—Ç–æ-–Ω–∏–±—É–¥—å –∫—Ç–æ —É—á–∏–ª—Å—è –≤ –ò–¢–ú–û –∏–ª–∏ —É—á–∏—Ç—Å—è —Ç–∞–º?;None
2016-07-24 07:14:43;–ï—Å—Ç—å –∫—Ç–æ-–Ω–∏–±—É–¥—å –∫—Ç–æ —É—á–∏–ª—Å—è –≤ –ò–¢–ú–û –∏–ª–∏ —É—á–∏—Ç—Å—è —Ç–∞–º?;None
2016-07-23 20:00:04;RT @spbifmo: –ò–∑–≤–µ—Å—Ç–Ω—ã–π –ø–∞—Ç–µ–Ω—Ç–Ω—ã–π —Ç—Ä–æ–ª–ª—å - –î–∂–µ—Ä–æ–º –õ–µ–º–µ–ª—å—Å–æ–Ω. 700 –∫—Ä—É–ø–Ω–µ–π—à–∏—Ö –∫–æ–º–ø–∞–Ω–∏–π –∫—É–ø–∏–ª–∏ —É –Ω–µ–≥–æ –ø—Ä–∞–≤–æ –Ω–∞ –∏—Å–ø–æ–ª—å–∑–æ–≤–∞–Ω–∏–µ –µ–≥–æ –ø–∞—Ç–µ–Ω—Ç–æ–≤ #–ò–¢–ú–û;None
2016-07-23 15:52:01;–ò–∑–≤–µ—Å—Ç–Ω—ã–π –ø–∞—Ç–µ–Ω—Ç–Ω—ã–π —Ç—Ä–æ–ª–ª—å - –î–∂–µ—Ä–æ–º –õ–µ–º–µ–ª—å—Å–æ–Ω. 700 –∫—Ä—É–ø–Ω–µ–π—à–∏—Ö –∫–æ–º–ø–∞–Ω–∏–π –∫—É–ø–∏–ª–∏ —É –Ω–µ–≥–æ –ø—Ä–∞–≤–æ –Ω–∞ –∏—Å–ø–æ–ª—å–∑–æ–≤–∞–Ω–∏–µ –µ–≥–æ –ø–∞—Ç–µ–Ω—Ç–æ–≤ #–ò–¢–ú–û;None
2016-07-23 15:51:36;–ö—Ç–æ —Ç–∞–∫–∏–µ –ø–∞—Ç–µ–Ω—Ç–Ω—ã–µ —Ç—Ä–æ–ª–ª–∏? –õ–∏—Ü–∞, –∫–æ—Ç–æ—Ä—ã–µ –∏–º–µ—é—Ç –∏–Ω—Ç–µ–ª–ª–µ–∫—Ç—É–∞–ª—å–Ω—É—é —Å–æ–±—Å—Ç–≤–µ–Ω–Ω–æ—Å—Ç—å, –Ω–æ –Ω–µ —Ä–µ–∞–ª–∏–∑—É—é—Ç –µ–µ –≤ –∫–∞—á–µ—Å—Ç–≤–µ —Ä–∞–∑—Ä–∞–±–æ—Ç–æ–∫ #–ò–¢–ú–û;None
2016-07-23 15:51:16;–ß–µ–º –ª—É—á—à–µ –≤—ã —É–º–µ–µ—Ç–µ –∏—Å–ø–æ–ª—å–∑–æ–≤–∞—Ç—å –∏–Ω—Ñ–æ—Ä–º–∞—Ü–∏—é, —Ç–µ–º –±–æ–ª—å—à–µ —É –≤–∞—Å —à–∞–Ω—Å–æ–≤ –±—ã—Ç—å —Å–∏–ª—å–Ω–µ–µ –∫–æ–Ω–∫—É—Ä–µ–Ω—Ç–æ–≤ #–ò–¢–ú–û;None
2016-07-23 15:50:32;–†–µ–∞–ª—å–Ω–æ –ª–∏ —É–ø—Ä–∞–≤–ª—è—Ç—å –∏–Ω—Ñ–æ—Ä–º–∞—Ü–∏–µ–π? –í–µ–¥—å –æ–Ω–∞ –Ω–µ–æ—Å—è–∑–∞–µ–º–∞, –Ω–µ–∏—Å—á–µ—Ä–ø–∞–µ–º–∞, –µ–µ –º–æ–∂–Ω–æ –Ω–µ–æ–≥—Ä–∞–Ω–∏—á–µ–Ω–Ω–æ —Ä–∞—Å–ø—Ä–æ—Å—Ç—Ä–∞–Ω—è—Ç—å. #–ò–¢–ú–û;None
2016-07-23 15:27:23;–ù–∞—á–∏–Ω–∞–µ—Ç—Å—è –ª–µ–∫—Ü–∏—è –ù–∏–Ω—ã –Ø–Ω—ã–∫–∏–Ω–æ–π, –∫–æ—Ç–æ—Ä–∞—è —Ä–∞—Å—Å–∫–∞–∂–µ—Ç –æ —Ç–æ–º, –∫–∞–∫ —É–ø—Ä–∞–≤–ª—è—Ç—å –∏–Ω—Ç–µ–ª–ª–µ–∫—Ç—É–∞–ª—å–Ω—ã–º –∫–∞–ø–∏—Ç–∞–ª–æ–º. #–ò–¢–ú–û;None
2016-07-23 13:24:28;–¢–æ—Ç –≤–æ–ª—à–µ–±–Ω—ã–π –º–æ–º–µ–Ω—Ç, –∫–æ–≥–¥–∞ —Ç—ã –ª–æ–≤–∏—à—å –ø–æ–ø—É—Ç–∫—É –∏ —Ç–µ–±—è –ø–æ–¥–≤–æ–∑–∏—Ç –ø–æ–ª–∏—Ü–∏—è! üöîüö®üí® (@ –£–°–û–¶ "–Ø–≥–æ–¥–Ω–æ–µ" –£–Ω–∏–≤–µ—Ä—Å–∏—Ç–µ—Ç–∞ –ò–¢–ú–û) https://t.co/uDvrZQUfe3;60.63044081,29.99367963
2016-07-23 12:57:18;–£—á—ë–Ω—ã–µ –∏–∑ –ê—Å—Ç–æ–Ω—Å–∫–æ–≥–æ —É–Ω–∏–≤–µ—Ä—Å–∏—Ç–µ—Ç–∞ –∏ –£–Ω–∏–≤–µ—Ä—Å–∏—Ç–µ—Ç–∞ –ò–¢–ú–û —Ä–∞–∑—Ä–∞–±–æ—Ç–∞–ª–∏ —É–Ω–∏–∫–∞–ª—å–Ω—ã–π –æ–ø—Ç–∏—á–µ—Å–∫–∏–π –º–∏–∫—Ä–æ—Ä–µ–∑–æ–Ω–∞—Ç–æ—Ä: –ü—Ä–æ—Ñ–µ... https://t.co/lx3uHVr1MJ;None
2016-07-23 12:46:22;RT @spbifmo: –ù–µ–º–Ω–æ–≥–æ –æ –±–∏–∑–Ω–µ—Å-–∞–Ω–≥–µ–ª–∞—Ö –≤ –†–æ—Å—Å–∏–∏. –ò–Ω–≤–µ—Å—Ç–æ—Ä —Ä–∞—Å—Å—É–∂–¥–∞–µ—Ç —Ç–∞–∫: —Å–∫–æ–ª—å–∫–æ –¥–µ–Ω–µ–≥ –≤ —ç—Ç–æ–º –≥–æ–¥—É —è –º–æ–≥—É –∫—Ä–∞—Å–∏–≤–æ –ø–æ—Ç–µ—Ä—è—Ç—å #–ò–¢–ú–û;None
2016-07-23 11:49:33;RT @chrdk_ru: –£—á–µ–Ω—ã–π –∏–∑ –ò–¢–ú–û –ø—Ä–µ–¥–ª–æ–∂–∏–ª –Ω–æ–≤—ã–π –º–µ—Ç–æ–¥ –∏–∑–≥–æ—Ç–æ–≤–ª–µ–Ω–∏—è –æ–ø—Ç–∏—á–µ—Å–∫–∏—Ö —Ä–µ–∑–æ–Ω–∞—Ç–æ—Ä–æ–≤: https://t.co/nmxkOYBn72;None
2016-07-23 11:15:32;RT @chrdk_ru: –£—á–µ–Ω—ã–π –∏–∑ –ò–¢–ú–û –ø—Ä–µ–¥–ª–æ–∂–∏–ª –Ω–æ–≤—ã–π –º–µ—Ç–æ–¥ –∏–∑–≥–æ—Ç–æ–≤–ª–µ–Ω–∏—è –æ–ø—Ç–∏—á–µ—Å–∫–∏—Ö —Ä–µ–∑–æ–Ω–∞—Ç–æ—Ä–æ–≤: https://t.co/nmxkOYBn72;None
2016-07-23 11:00:14;–£—á–µ–Ω—ã–π –∏–∑ –ò–¢–ú–û –ø—Ä–µ–¥–ª–æ–∂–∏–ª –Ω–æ–≤—ã–π –º–µ—Ç–æ–¥ –∏–∑–≥–æ—Ç–æ–≤–ª–µ–Ω–∏—è –æ–ø—Ç–∏—á–µ—Å–∫–∏—Ö —Ä–µ–∑–æ–Ω–∞—Ç–æ—Ä–æ–≤: https://t.co/nmxkOYBn72;None
2016-07-23 10:55:21;Magic Leap - –ø—Ä–æ–¥—É–∫—Ç–∞ –Ω–µ—Ç, –Ω–æ —Å—Ç–æ–∏–º–æ—Å—Ç—å –∫–æ–º–ø–∞–Ω–∏–∏ 1.4 –¥–æ–ª–ª–∞—Ä–æ–≤.  #–ò–¢–ú–û;None
2016-07-23 10:45:41;@ghtxht –≤ –∏—Ç–º–æ –Ω–µ –ø–æ—Å—Ç—É–ø–∏–ª–∞ –∏ –≤—Å–µ? —Å—Ç—Ä–∞—Ö –ø–æ—Ç–µ—Ä—è–ª–∞?;None
2016-07-23 10:43:58;–í –ï–≤—Ä–æ–ø–µ –∑–∞—Ä–æ–∂–¥–µ–Ω–∏–µ —Å—Ç–∞—Ä—Ç–∞–ø-–∫—É–ª—å—Ç—É—Ä—ã —Ç—Ä–∞–¥–∏—Ü–∏–æ–Ω–Ω–æ –ø—Ä–æ–∏—Å—Ö–æ–¥–∏—Ç –≤–æ–∫—Ä—É–≥ –∫–æ—Ä–ø–æ—Ä–∞—Ü–∏–π. #–ò–¢–ú–û;None
2016-07-23 10:35:43;–ù–µ–º–Ω–æ–≥–æ –æ –±–∏–∑–Ω–µ—Å-–∞–Ω–≥–µ–ª–∞—Ö –≤ –†–æ—Å—Å–∏–∏. –ò–Ω–≤–µ—Å—Ç–æ—Ä —Ä–∞—Å—Å—É–∂–¥–∞–µ—Ç —Ç–∞–∫: —Å–∫–æ–ª—å–∫–æ –¥–µ–Ω–µ–≥ –≤ —ç—Ç–æ–º –≥–æ–¥—É —è –º–æ–≥—É –∫—Ä–∞—Å–∏–≤–æ –ø–æ—Ç–µ—Ä—è—Ç—å #–ò–¢–ú–û;None
2016-07-23 10:30:53;–°–µ–π—á–∞—Å —Å–∏—Ç—É–∞—Ü–∏—è –∏–∑–º–µ–Ω–∏–ª–∞—Å—å - –±–æ–ª—å—à–∏–Ω—Å—Ç–≤–æ —Ç–µ—Ö–Ω–æ–ª–æ–≥–∏–π —Å–æ–∑–¥–∞—ë—Ç—Å—è –≤ –∫–æ—Ä–ø–æ—Ä–∞—Ü–∏—è—Ö. #–ò–¢–ú–û;None
2016-07-23 10:28:15;–ü–æ—á–µ–º—É –±—ã–ª –≤–∑–ª—ë—Ç —Å—Ç–∞—Ä—Ç–∞–ø –∫—É–ª—å—Ç—É—Ä—ã –Ω–∞ —Ä—É–±–µ–∂–µ –≤–µ–∫–æ–≤? –ù–æ–≤–∏–∑–Ω–∞! –í —Ç–æ –≤—Ä–µ–º—è –±—ã–ª–æ –¥–µ–π—Å—Ç–≤–∏—Ç–µ–ª—å–Ω–æ –º–Ω–æ–≥–æ –Ω–æ–≤—ã—Ö —Ç–µ—Ö–Ω–æ–ª–æ–≥–∏–π. #–ò–¢–ú–û;None
2016-07-23 10:26:45;–ù–∞–¥–æ –ø–æ–Ω–∏–º–∞—Ç—å, —á—Ç–æ —Å—Ç–∞—Ä—Ç–∞–ø —ç—Ç–æ –º–∞—Å—à—Ç–∞–±–∏—Ä–æ–≤–∞–Ω–Ω—ã–π –±–∏–∑–Ω–µ—Å. #–ò–¢–ú–û;None
2016-07-23 10:25:37;–ü–æ—á–µ–º—É –∏–Ω–Ω–æ–≤–∞—Ü–∏–∏ –Ω–µ –≤–µ–¥—É—Ç –Ω–∞—Å –≤–ø–µ—Ä–µ–¥ —Å –±–æ–ª—å—à–µ–π —Å–∫–æ—Ä–æ—Å—Ç—å—é? –ù–µ–∫—É–¥–∞ –∏–Ω–≤–µ—Å—Ç–∏—Ä–æ–≤–∞—Ç—å. #–ò–¢–ú–û;None
2016-07-23 10:24:40;–ù–µ–ª—å–∑—è —Å–æ–∑–¥–∞—Ç—å –±–∏–∑–Ω–µ—Å –∏ –Ω–µ —Å–æ–≤–µ—Ä—à–µ–Ω—Å—Ç–≤–æ–≤–∞—Ç—å –µ–≥–æ. –í—Å–µ–≥–¥–∞ –Ω—É–∂–Ω–æ –ø–æ–º–Ω–∏—Ç—å –æ –∫–æ–Ω–∫—É—Ä–µ–Ω—Ç–∞—Ö. –ò –∏–º–µ–Ω–Ω–æ —Å –∏–Ω–Ω–æ–≤–∞—Ü–∏—è–º–∏ —É –Ω–∞—Å –≤—Å–µ –Ω–µ —Ç–∞–∫ —Ö–æ—Ä–æ—à–æ. #–ò–¢–ú–û;None
2016-07-23 10:23:21;–ú–µ—Ä—Ç–≤–∞ –ª–∏ —Å—Ç–∞—Ä—Ç–∞–ø-–∫—É–ª—å—Ç—É—Ä–∞? –°–ø–∏–∫–µ—Ä:  –ö–æ–Ω—Å—Ç–∞–Ω—Ç–∏–Ω –ö–∞—Ä—á–º–∞—Ä—Å–∫–∏–π. –ü–æ–¥–∫–ª—é—á–∞–π—Ç–µ—Å—å –∫ –Ω–∞—à–µ–π —Ç—Ä–∞–Ω—Å–ª—è—Ü–∏–∏! #–ò–¢–ú–û;None
2016-07-23 09:59:33;–ö–∞–∫ IT-–±—Ä–µ–Ω–¥—ã –≤–ª–∏—è—é—Ç –Ω–∞ –ª–æ—è–ª—å–Ω–æ—Å—Ç—å? –ß—Ç–æ –≤—Å–µ-—Ç–∞–∫–∏ –ª—É—á—à–µ: Google –∏–ª–∏ Yandex? –ü–æ–¥–∫–ª—é—á–∞–π—Ç–µ –∫ –Ω–∞—à–µ–π —Ç—Ä–∞–Ω—Å–ª—è—Ü–∏–∏ –Ω–∞ YouTube! #–ò–¢–ú–û;None
2016-07-23 09:54:01;#–ø–æ–∫–µ–º–æ–Ω—ã –≤ #–∏—Ç–º–æ https://t.co/5JiPkPww1O;None
2016-07-23 09:43:37;–°–∞–º Windows –±—ã–ª —Ä–∞–¥ —ç—Ç–æ–º—É —Ä–µ—à–µ–Ω–∏—é. –í—Å–µ-—Ç–∞–∫–∏ –Ω–µ–ª–æ–≤–∫–æ, –∫–æ–≥–¥–∞ –ø–æ —Ç–µ–ª–µ–≤–∏–∑–æ—Ä—É –ø–æ–∫–∞–∑—ã–≤–∞—é—Ç, –Ω–∞—Å–∫–æ–ª—å–∫–æ —Ç–≤–æ–π –±—Ä–∞—É–∑–µ—Ä –º–µ–¥–ª–µ–Ω–Ω—ã–π. #–ò–¢–ú–û;None
2016-07-23 09:40:00;–ê –≤—Å–µ –ø–æ—Ç–æ–º—É —á—Ç–æ –≤ 2009 –≥–æ–¥—É –ï–≤—Ä–æ–∫–æ–º–∏—Å—Å–∏—è –æ–±—è–∑–∞–ª–∞ Windows –ø—Ä–µ–¥–æ—Å—Ç–∞–≤–ª—è—Ç—å –≤—ã–±–æ—Ä –±—Ä–∞—É–∑–µ—Ä–∞ #–ò–¢–ú–û;None
2016-07-23 09:38:55;–ù–∞ —Å–∞–º–æ–º –¥–µ–ª–µ –≤–æ–π–Ω—ã –æ–ø–µ—Ä–∞—Ü–∏–æ–Ω–Ω—ã—Ö —Å–∏—Å—Ç–µ–º –Ω–µ—Ç –∏ –Ω–µ –±—É–¥–µ—Ç. –î—Ä—É–≥–æ–µ –¥–µ–ª–æ –±—Ä–∞—É–∑–µ—Ä—ã: –Ω–µ–æ–∂–∏–¥–∞–Ω–Ω–æ Chrome –∏ Firefox –≤—ã—Ä–≤–∞–ª–∏—Å—å –≤–ø–µ—Ä–µ–¥. #–ò–¢–ú–û;None
2016-07-23 09:32:14;–ù–µ–º–Ω–æ–≥–æ –æ –∫–æ–Ω–∫—É—Ä–µ–Ω—Ü–∏–∏ –Ω–∞ —Ä—ã–Ω–∫–µ. –ï—Å—Ç—å –ª–∏ –≤–æ–∑–º–æ–∂–Ω–æ—Å—Ç—å —É –¥—Ä—É–≥–∏—Ö –∫–æ–º–ø–∞–Ω–∏–π –≤—ã–π—Ç–∏ –Ω–∞ —Ä—ã–Ω–æ–∫ –æ–ø–µ—Ä–∞—Ü–∏–æ–Ω–Ω—ã—Ö —Å–∏—Å—Ç–µ–º? #–ò–¢–ú–û https://t.co/zx3k5lw9bW;None
2016-07-23 09:29:55;Internet Explorer –≤—Å—Ç—Ä–æ–µ–Ω –≤ —Å–∏—Å—Ç–µ–º—É Windows. –í –º–∏—Ä–µ –≤—Å–µ–≥–æ 1% –ø–æ–ª—å–∑–æ–≤–∞—Ç–µ–ª–µ–π —ç—Ç–æ–≥–æ –±—Ä–∞—É–∑–µ—Ä–∞, –æ–Ω–∏ –≥–æ—Ç–æ–≤—ã –ø–æ–ª—å–∑–æ–≤–∞—Ç—å—Å—è –∏–º –ø–æ —É–º–æ–ª—á–∞–Ω–∏—é #–ò–¢–ú–û;None
2016-07-23 09:26:29;–ü–æ—á–µ–º—É –º—ã –≤—ã–±–∏—Ä–∞–µ–º —Ç–æ—Ç –∏–ª–∏ –∏–Ω–æ–π –ø—Ä–æ–¥—É–∫—Ç: –∏—Å–ø–æ–ª—å–∑–æ–≤–∞–ª–∏ —Ä–∞–Ω—å—à–µ, —Ä–µ–∫–æ–º–µ–Ω–¥–∞—Ü–∏—è –¥—Ä—É–∑–µ–π, —Ä–µ–∫–ª–∞–º–∞, –≤—Å—Ç—Ä–æ–µ–Ω–æ –≤ —Å–∏—Å—Ç–µ–º—É –≥–∞–¥–∂–µ—Ç–∞. #–ò–¢–ú–û;None
2016-07-23 09:23:13;–ö–∞–∫ IT-–±—Ä–µ–Ω–¥—ã –≤–ª–∏—è—é—Ç –Ω–∞ –ª–æ—è–ª—å–Ω–æ—Å—Ç—å? –ß—Ç–æ –≤—Å–µ-—Ç–∞–∫–∏ –ª—É—á—à–µ: Google –∏–ª–∏ Yandex? –ü–æ–¥–∫–ª—é—á–∞–π—Ç–µ –∫ –Ω–∞—à–µ–π —Ç—Ä–∞–Ω—Å–ª—è—Ü–∏–∏ –Ω–∞ YouTube! #–ò–¢–ú–û;None
2016-07-23 09:20:06;–ò–Ω—Ç–µ—Ä–∞–∫—Ç–∏–≤–Ω–∞—è –≤—ã—Å—Ç–∞–≤–∫–∞ ¬´–ñ–∏–≤–æ–π —Å–≤–µ—Ç¬ª –≤ –ú—É–∑–µ–µ –æ–ø—Ç–∏–∫–∏ –£–Ω–∏–≤–µ—Ä—Å–∏—Ç–µ—Ç–∞ –ò–¢–ú–û https://t.co/ZCmE1vTRm1;None
2016-07-23 09:05:10;–ß–µ—Ä–µ–∑ –ø–∞—Ä—É –º–∏–Ω—É—Ç –∏—é–ª—å—Å–∫–∏–π –û—Ç–∫—Ä—ã—Ç—ã–π —É–Ω–∏–≤–µ—Ä—Å–∏—Ç–µ—Ç –æ—Ç–∫—Ä–æ–µ—Ç –ª–µ–∫—Ü–∏—è –õ–∏–¥–∏–∏ –ü–µ—Ä–æ–≤—Å–∫–æ–π! #–ò–¢–ú–û https://t.co/4aa74zllIa;None
2016-07-23 08:45:17;–ö—Ç–æ –∑–Ω–∞–µ—Ç, –∫—É–¥–∞ –Ω—É–∂–Ω–æ –ø–æ—Å—Ç—É–ø–∞—Ç—å –≤ –ò–¢–ú–û, —á—Ç–æ–±—ã –ø–æ—Ç–æ–º –∂–∏—Ç—å –≤ –Ω–æ—Ä–º–∞–ª—å–Ω–æ–π –æ–±—â–∞–≥–µ?)) –ò–ª–∏ –∫–∞–∫ –≤–æ–æ–±—â–µ –æ—Ä–≥–∞–Ω–∏–∑–æ–≤–∞—Ç—å—Å—è... https://t.co/RsnY0y7l8z;None
2016-07-23 08:42:41;—Å–∫–∞–∂–∏—Ç–µ —Ä–µ–∞–ª—å–Ω–æ –ø–æ—Å—Ç—É–ø–∏—Ç—å –≤ –ò–¢–ú–û (–°–∞–Ω–∫—Ç-–ü–µ—Ç–µ—Ä–±—É—Ä–≥) –Ω–∞ –±—é–¥–∂–µ—Ç?;None
2016-07-22 22:23:48;–ï—Å—Ç—å –∫—Ç–æ-–Ω–∏–±—É–¥—å –∫—Ç–æ —É—á–∏–ª—Å—è –≤ –ò–¢–ú–û –∏–ª–∏ —É—á–∏—Ç—Å—è —Ç–∞–º?;None
2016-07-22 18:55:32;–£—á–µ–Ω—ã–µ –Ω–∞—É—á–∏–ª–∏—Å—å —Å–æ–∑–¥–∞–≤–∞—Ç—å –º–∏–∫—Ä–æ—Ä–µ–∑–æ–Ω–∞—Ç–æ—Ä—ã —Å —Ä–µ–∫–æ—Ä–¥–Ω–æ–π —Ç–æ—á–Ω–æ—Å—Ç—å—é https://t.co/sUgoI5etrP #–ò–¢–ú–û;None
2016-07-22 17:03:09;–°—á–∞—Å—Ç–ª–∏–≤—ã–π –Ω–æ–º–µ—Ä –ø—Ä–∏–∫–∞–∑–∞ –æ –∑–∞—á–∏—Å–ª–µ–Ω–∏–∏üéâüéâüéâ #–ø—Ä–∏–∫–∞–∑ #1111 #–∏—Ç–º–æ #–∑–∞—á–∏—Å–ª–µ–Ω–∞üî• #—É–Ω–∏–≤–µ—Ä–ñ–¥–∏–í–°–µ–Ω—Ç—è–±—Ä–µ #–±—é–¥–∂–µ—Ç #—Å—Ç–∏–ø–µ–Ω–¥–∏—èüí∞ https://t.co/d3BBNynVEg;None
2016-07-22 15:19:55;–ü—Ä–∏–≤–µ—Ç #–ò–¢–ú–û! –£ –Ω–∞—Å –Ω–æ–≤—ã–π —Ä–µ–¥–∞–∫—Ç–æ—Ä! –ñ–¥–µ–º —Ñ–æ—Ç–æ—á–∫–∏ –µ–¥—ã.;None
2016-07-22 15:14:30;–í –ø–æ–Ω–µ–¥–µ–ª—å–Ω–∏–∫ –Ω–∞–¥–æ —Å—Ö–æ–¥–∏—Ç—å –≤ –ò–¢–ú–û –∏ –≤ –ü–æ–ª–∏—Ç–µ—Ö;None
2016-07-22 14:45:12;–ö—É—Ä—Å—ã –£–Ω–∏–≤–µ—Ä—Å–∏—Ç–µ—Ç–∞ –ò–¢–ú–û @spbifmo –Ω–∞ –ù–∞—Ü–∏–æ–Ω–∞–ª—å–Ω–æ–π –ø–ª–∞—Ç—Ñ–æ—Ä–º–µ: https://t.co/AzxCxXBa3b. https://t.co/1wm7qeAeQ2;None
2016-07-22 14:33:10;—Å–∫–∞–∂–∏—Ç–µ —Ä–µ–∞–ª—å–Ω–æ –ø–æ—Å—Ç—É–ø–∏—Ç—å –≤ –ò–¢–ú–û (–°–∞–Ω–∫—Ç-–ü–µ—Ç–µ—Ä–±—É—Ä–≥) –Ω–∞ –±—é–¥–∂–µ—Ç?;None
2016-07-22 11:46:13;—Å–∫–∞–∂–∏—Ç–µ —Ä–µ–∞–ª—å–Ω–æ –ø–æ—Å—Ç—É–ø–∏—Ç—å –≤ –ò–¢–ú–û (–°–∞–Ω–∫—Ç-–ü–µ—Ç–µ—Ä–±—É—Ä–≥) –Ω–∞ –±—é–¥–∂–µ—Ç?;None
2016-07-22 10:18:54;–†–æ—Å—Å–∏–π—Å–∫–∏–µ —ç–∫–∑–æ—Å–∫–µ–ª–µ—Ç—ã: –∫–∞–∫ –≤—ã–≤–µ—Å—Ç–∏ –Ω–∞ —Ä—ã–Ω–æ–∫ –≤—ã—Å–æ–∫–æ—Ç–µ—Ö–Ω–æ–ª–æ–≥–∏—á–Ω—ã–π —Å—Ç–∞—Ä—Ç–∞–ø¬†https://t.co/1xkTwiazP8 #–ò–¢–ú–û;None
2016-07-22 07:47:56;–ò –≤–æ—Ç —Ç—É—Ç —è –æ—Ö—É–µ–ª –æ—Ç —Å—Ç–∏–ø–µ–Ω–¥–∏–∏. –≠—Ç–æ –º–∞–≥–∞ –ò–¢–ú–û. 945-–æ–µ –¥–µ–ª–∞–µ—Ç –∏–∑ –æ–±—Ä–∞–∑–æ–≤–∞–Ω–∏—è —Å–ø–æ—Å–æ–± –∑–∞—Ä–∞–±–æ—Ç–∞—Ç—å –Ω–∏—Ö—Ä–µ–Ω–∞ –Ω–µ –¥–µ–ª–∞—è. https://t.co/Y8YqP4OuaV;None
2016-07-22 06:35:00;–õ–æ–ª, —è —Ç–∞–∫–∏–º –Ω–∞—Ä–∫–æ–º–∞–Ω–æ–º –ø–æ–ª—É—á–∏–ª—Å—è –Ω–∞ —Ñ–æ—Ç–∫–µ –≤ –∏—Ç–º–æ –£–∂—Å —Ö–¥;None
2016-07-22 05:55:14;—Ä–µ–∞–ª—å–Ω–æ –ª–∏ –ø–æ—Å—Ç—É–ø–∏—Ç—å –Ω–∞ –±—é–¥–∂–µ—Ç –≤ –ò–¢–ú–û;None
2016-07-21 18:07:07;@parsley_v –Ω–µ—Ç, –æ–Ω–∞ –¥–∞–∂–µ –Ω–µ –∏–∑ –∏—Ç–º–æ;None
2016-07-21 17:01:14;–ï—Å–ª–∏ –º–Ω–µ –Ω–µ –ø—Ä–µ–¥–æ—Å—Ç–∞–≤—è—Ç –≤–æ–∑–º–æ–∂–Ω–æ—Å—Ç—å –∞–ø–µ–ª–ª—è—Ü–∏–∏, —Ç–æ –≤ —Å–ª–µ–¥—É—é—â—É—é –ø—è—Ç–Ω–∏—Ü—É –º–æ–∏ –ø–æ–¥–ª–∏–Ω–Ω–∏–∫–∏ –µ–¥—É—Ç –≤ –ò–¢–ú–û. –ü—Ä–∏–≤–µ—Ç, –ø–æ–≤—ã—à–µ–Ω–Ω–∞—è —Å—Ç–∏–ø–µ–Ω–¥–∏—è –∏ –Ω–æ—Ä–º –æ–±—â–∞–≥–∞;None
2016-07-21 14:20:03;@mychemicalfox –æ–π, —á–µ—Ä—Ç, —è —á–µ—Å—Ç–Ω–æ –Ω–µ –∑–∞–ø–æ–º–Ω–∏–ª–∞  –∞ –≤ –ò–¢–ú–û –ø–µ—Ä–µ–¥—É–º–∞–ª–∞?;None
2016-07-21 13:52:11;–ê—Å–ø–∏—Ä–∞–Ω—Ç #–ò–¢–ú–û —Ä–∞–∑—Ä–∞–±–∞—Ç—ã–≤–∞–µ—Ç –±–µ–∑–æ–ø–∞—Å–Ω—É—é —Å–µ—Ç—å –¥–ª—è –ø–µ—Ä–µ–¥–∞—á–∏ –≥–æ—Å—Ç–∞–π–Ω¬†https://t.co/OylwDQOTg6;None
2016-07-21 13:26:15;–ú–∏–Ω—É—Ç–∫–∞ —é–º–æ—Ä–∞ –æ—Ç –ò–¢–ú–û https://t.co/EG9mxFSJaN;None
2016-07-21 12:14:49;–î–∞–π–¥–∂–µ—Å—Ç #–ò–¢–ú–û: —Ä–µ–∑–∏–¥–µ–Ω—Ç—ã –Ω–∞—à–∏—Ö —Å—Ç–∞—Ä—Ç–∞–ø-–∞–∫—Å–µ–ª–µ—Ä–∞—Ç–æ—Ä–æ–≤¬†https://t.co/1E9ZtjjGjb;None
2016-07-21 10:26:13;–†–µ–∫—Ç–æ—Ä #–ò–¢–ú–û –≤ –°–∏—Ä–∏—É—Å–µ! https://t.co/G9kVUGRQkF;None
2016-07-21 09:29:48;–ß—Ç–æ –Ω—É–∂–Ω–æ –¥–µ–ª–∞—Ç—å —Å–µ–π—á–∞—Å,—á—Ç–æ–±—ã —Å—Ç–∞—Ç—å –ø—Ä–æ—Ñ–µ—Å—Å–∏–æ–Ω–∞–ª–æ–º –±—É–¥—É—â–µ–≥–æ?–†–µ–∫—Ç–æ—Ä #–ò–¢–ú–û –æ—Ç–≤–µ—á–∞–µ—Ç –Ω–∞ –≤–æ–ø—Ä–æ—Å—ã —à–∫–æ–ª—å–Ω–∏–∫–æ–≤ –≤ "–°–∏—Ä–∏—É—Å–µ"! https://t.co/0EYztL71lR;None
2016-07-21 08:37:51;–ò–∑ –ò–¢–ú–û –∑–∞–±–∏—Ä–∞—é—Ç –æ—Ä–∏–≥–∏–Ω–∞–ª—ã, —É—Ä–∞;None
2016-07-21 08:24:34;–ù–µ—Ç –Ω–∏—á–µ–≥–æ –ª—É—á—à–µ –Ω–∞ —Ä–∞–±–æ—Ç–µ, —á–µ–º –≤—ã–±–∏—Ä–∞—Ç—å —Ñ–∏–ª—å—Ç—Ä—ã –¥–ª—è —Ñ–æ—Ç–∫–∏. #–∏—Ç–º–æ #—Ä–∞–±–æ—Ç–∞ #–∫–∞—Ä—å–µ—Ä–∞ https://t.co/b5WQ9yQNuz;None
2016-07-21 08:03:41;@rgrus:¬†–ö—Ç–æ –∏ –∫–∞–∫ –±—É–¥–µ—Ç –ø—Ä–æ–≥—Ä–∞–º–º–∏—Ä–æ–≤–∞—Ç—å –Ω–∞—à—É –∂–∏–∑–Ω—å –≤ –±—É–¥—É—â–µ–º. –ò–Ω—Ç–µ—Ä–≤—å—é —Å —Ä–µ–∫—Ç–æ—Ä–æ–º #–ò–¢–ú–û –í–ª–∞–¥–∏–º–∏—Ä–æ–º –í–∞—Å–∏–ª—å–µ–≤—ã–º https://t.co/dYVJGzQZ71;None
2016-07-21 07:20:02;–í –ò–¢–ú–û —Ä–∞–∑—Ä–∞–±–æ—Ç–∞–ª–∏ –Ω–æ–≤—ã–π —Å–ø–æ—Å–æ–± –ø–µ—Ä–µ–¥–∞—á–∏ —ç–Ω–µ—Ä–≥–∏–∏ –Ω–∞ —Ä–∞—Å—Å—Ç–æ—è–Ω–∏–µ –±–µ–∑ –ø—Ä–æ–≤–æ–¥–æ–≤.  https://t.co/OS8vTsv5hv https://t.co/TReTXCLfXK;None
2016-07-20 21:52:20;–ñ–¥—É –∑–∞–≤—Ç—Ä–∞ –æ–±–Ω–æ–≤–ª—ë–Ω–Ω—ã–π —Å–ø–∏—Å–æ–∫ –≤ –ò–¢–ú–û. –û–±–µ—â–∞–ª–∏, —á—Ç–æ –º—ã —Å–º–æ–∂–µ–º –ø–æ–Ω—è—Ç—å –ø–æ –Ω–µ–º—É –≤—Å–µ –Ω–∞—à–∏ —à–∞–Ω—Å—ã;None
2016-07-20 12:58:34;–ê–ª–∞—Ä–º! –ò–Ω—Ñ–∞ –¥–ª—è —Ç–µ—Ö, –∫—Ç–æ —Å–ø—Ä–∞—à–∏–≤–∞–ª–∏ –º–µ–Ω—è –µ—Å—Ç—å –ª–∏ —É –Ω–∞—Å –≤–∞–∫–∞–Ω—Å–∏–∏! PR-–∫–æ–º–∞–Ω–¥–∞ –£–Ω–∏–≤–µ—Ä—Å–∏—Ç–µ—Ç–∞ –ò–¢–ú–û –∏—â–µ—Ç –µ–¥–∏–Ω–æ–º—ã—à.. https://t.co/OKE3H6V5I4;None
2016-07-20 12:01:45;–ë–æ–∂–µ, —á—Ç–æ —è –æ–ø—è—Ç—å –∑–∞–±—ã–ª–∞ –≤ –ò–¢–ú–û ?!;None
2016-07-20 12:00:39;–°–µ–π—á–∞—Å –µ—â—ë –∏–∑ –ò–¢–ú–û –∑–≤–æ–Ω–∏–ª–∏... –í –£ –ó —ã  –ø —Ä –µ –∫ —Ä –∞ —Ç –∏ —Ç –µ  –Ø –ì–û–î –ø–ª–∞–Ω–∏—Ä–æ–≤–∞–ª–∞ —Å–≤–æ—é —Å—Ç—Ä–∞—Ç–µ–≥–∏—é –ø–æ—Å—Ç—É–ø–ª–µ–Ω–∏—è, —è –∑–Ω–∞—é, —á—Ç–æ –∫–æ–≥–¥–∞ –∫—É–¥–∞ –∏ –∫–∞–∫ –≤–µ–∑—Ç–∏;None
2016-07-20 11:58:59;@channelone_rus: –≤–∑—Ä–æ—Å–ª—ã–µ —Ä–∞–∑—Ä–∞–±–æ—Ç–∫–∏ –æ–¥–∞—Ä–µ–Ω–Ω—ã—Ö –¥–µ—Ç–µ–π –ø—Ä–µ–¥—Å—Ç–∞–≤–ª–µ–Ω—ã –≤ —Ü–µ–Ω—Ç—Ä–µ ¬´–°–∏—Ä–∏—É—Å¬ª –≤ –°–æ—á–∏ https://t.co/qtJ9JUSIhz ¬†#–ò–¢–ú–û;None
2016-07-20 10:56:45;–Ø –ø–æ–π–º–∞–ª–∞ —Å–≤–æ–∏—Ö –ü–æ–∫–µ–º–æ–Ω–æ–≤ #itmo #–∏—Ç–º–æ https://t.co/ITu1boOmNJ;None
2016-07-20 10:44:42;–†–∞–∑ 260 –ø–æ –∏—Ö –º–Ω–µ–Ω–∏—é "—Å–∫–æ–ª—å–∑–∫–∞—è —Å–∏—Ç—É–∞—Ü–∏—è", —Ç–æ —è –ø–æ–π–¥—É –≤ –ò–¢–ú–û –∏ –±—É–¥—É –∫—Ä–∞—Å–∏–≤–æ –∂–∏—Ç—å –Ω–∞ –ø–æ–≤—ã—à–µ–Ω–Ω—É—é —Å—Ç–∏–ø–µ–Ω–¥–∏—é. –ù–∞ –ø–ª–∞—Ç–Ω–æ–µ –≤—Å—ë —Ä–∞–≤–Ω–æ –¥–µ–Ω–µ–≥ –Ω–µ—Ç))0);None
2016-07-20 10:13:10;–†–µ–¥–∞–∫—Ç–æ—Ä Financial Times: –≤ –†–æ—Å—Å–∏–∏ –º–Ω–æ–≥–æ —Ö–æ—Ä–æ—à–∏—Ö –∏–¥–µ–π –¥–ª—è –±–∏–∑–Ω–µ—Å–∞, –Ω–æ –Ω–µ–¥–æ—Å—Ç–∞—Ç–æ—á–Ω–æ —Ä–∞–∑–≤–∏—Ç–∞ –∏–Ω—Ñ—Ä–∞—Å—Ç—Ä—É–∫—Ç—É—Ä–∞¬†https://t.co/aZ5wI9y4QN #–ò–¢–ú–û;None
2016-07-20 07:38:51;–†–µ–π—Ç–∏–Ω–≥ QS BRICS-2016: #–ò–¢–ú–û —Å—Ç–∞–Ω–æ–≤–∏—Ç—Å—è –±–æ–ª–µ–µ –º–µ–∂–¥—É–Ω–∞—Ä–æ–¥–Ω—ã–º https://t.co/fFHkzeayZY;None
2016-07-20 07:32:37;18 –∞–≤–≥—É—Å—Ç–∞ 2011 –≥–æ–¥–∞ –°–ü–±–ì–£–ù–∏–ü–¢ –≤–æ—à—ë–ª –≤ —Å–æ—Å—Ç–∞–≤ –£–Ω–∏–≤–µ—Ä—Å–∏—Ç–µ—Ç–∞ –ò–¢–ú–û;None
2016-07-20 07:32:25;—Å–∫–∞–∂–∏—Ç–µ —Ä–µ–∞–ª—å–Ω–æ –ø–æ—Å—Ç—É–ø–∏—Ç—å –≤ –ò–¢–ú–û (–°–∞–Ω–∫—Ç-–ü–µ—Ç–µ—Ä–±—É—Ä–≥) –Ω–∞ –±—é–¥–∂–µ—Ç?;None
2016-07-20 05:49:34;@vlastooow –≥–æ—Ä–Ω—ã–π,–∏—Ç–º–æ,–ø–æ–ª–∏—Ç–µ—Ö;None
2016-07-19 20:34:17;"–ê–±–∏—Ç—É—Ä–∏–µ–Ω—Ç –ò–¢–ú–û 2016 - –ì–æ—Ä–Ω–∏—á–Ω–∞—è!" https://t.co/lfDzN82ppv;None
2016-07-19 20:16:09;#–ò–¢–ú–û #vkfest üì≥ @ –ü–∞—Ä–∫ 300-–ª–µ—Ç–∏—è –°–∞–Ω–∫—Ç-–ü–µ—Ç–µ—Ä–±—É—Ä–≥–∞ https://t.co/0CYZgurkHW;59.98174,30.20999
2016-07-19 20:15:31;–£—á–µ–Ω—ã–µ –ò–¢–ú–û –ø—Ä–æ–≤–µ–ª–∏ —Å–æ—Ü–∏–∞–ª—å–Ω—ã–π —ç–∫—Å–ø–µ—Ä–∏–º–µ–Ω—Ç –Ω–∞ —Ñ–µ—Å—Ç–∏–≤–∞–ª–µ –í–ö–æ–Ω—Ç–∞–∫—Ç–µ https://t.co/4JMEmuN7UJ #ponedelnikmag;None
2016-07-19 20:05:26;–ö–∞–∫ –ø–æ—Å—Ç—É–ø–∏—Ç—å –≤ –ò–¢–ú–û (–°–∞–Ω–∫—Ç-–ü–µ—Ç–µ—Ä–±—É—Ä–≥)?;None
2016-07-19 14:19:57;@MetroRussia: —ç–∫—Å–ø–µ—Ä—Ç –∏–∑ #–ò–¢–ú–û —Ä–∞—Å—Å–∫–∞–∑–∞–ª –æ –ø—Ä–∏—á–∏–Ω–∞—Ö, –∫–æ—Ç–æ—Ä—ã–µ –≤–ª–∏—è—é—Ç –Ω–∞ –ø–æ–ø—É–ª—è—Ä–Ω–æ—Å—Ç—å –Ω–æ–≤–æ–π –∏–≥—Ä—ã #PokemonGO¬†https://t.co/bpITBoQdkb;None
2016-07-19 12:22:00;–ü–æ–∑–≤–æ–Ω–∏–ª–∏ –∏–∑ –ò–¢–ú–û!1!!1 —Ç–µ–ø–µ—Ä—å –º–æ–∂–Ω–æ –∏ —Ä–∞—Å—Å–ª–∞–±–∏—Ç—å—Å—è;None
2016-07-19 12:07:58;–ü–µ—Ç–µ—Ä–±—É—Ä–≥ vs –ù–æ–≤–∞—è –ó–µ–ª–∞–Ω–¥–∏—è: –ø–æ—á–µ–º—É –∏—Ä–∞–Ω—Å–∫–∏–π —Å—Ç—É–¥–µ–Ω—Ç –≤—ã–±—Ä–∞–ª –°–µ–≤–µ—Ä–Ω—É—é —Å—Ç–æ–ª–∏—Ü—É¬†https://t.co/7H0MXRfOF5 #–ò–¢–ú–û;None
2016-07-19 11:33:33;—Å–∫–∞–∂–∏—Ç–µ —Ä–µ–∞–ª—å–Ω–æ –ø–æ—Å—Ç—É–ø–∏—Ç—å –≤ –ò–¢–ú–û (–°–∞–Ω–∫—Ç-–ü–µ—Ç–µ—Ä–±—É—Ä–≥) –Ω–∞ –±—é–¥–∂–µ—Ç?;None
2016-07-19 10:58:43;–ù—É–∂–Ω–æ –æ—Ç–º–µ—Ç–∏—Ç—å, —á—Ç–æ –≤ –ò–¢–ú–û –ø—Ä–∏–µ–º–∫–∞ –ø—Ä–∏—è—Ç–Ω–µ–µ (–∏ –±—ã—Å—Ç—Ä–µ–µ) —á–µ–º –≤ –ì–æ—Ä–Ω–æ–º, –Ω–µ—Å–º–æ—Ç—Ä—è –Ω–∞ –æ–±–∏–ª–∏–µ –æ–∫–æ—à–µ–∫ –∏ –∫—Ä–∞—Å–∏–≤—ã–µ –∫–æ—Å—Ç—é–º—á–∏–∫–∏;None
2016-07-19 10:05:01;@manythought –∏—Ç–º–æ –∑–∞–±—Ä–∞–ª –≤—Å–µ—Ö –º–æ–∏—Ö –º–∞–ª—å—á–∏–∫–æ–≤ (( –¥—Ä—É–∑—å—è –≤—Å–µ —Ç—É–¥–∞  –∏ –Ω–µ —Ç–æ–ª—å–∫–æ –¥—Ä—É–∑—å—è....;None
2016-07-19 09:56:42;–í —Ö–æ–ª–ª–µ –∏—Ç–º–æ —Ñ–∏–≥–Ω–∏ –ø–æ–∫–µ–º–æ–Ω—Å–∫–∏–µ üòÇüòÇ;None
2016-07-19 09:17:52;–ù–µ –∑–Ω–∞–µ—Ç–µ —Å –∫–µ–º –æ—Å—Ç–∞–≤–∏—Ç—å –¥–æ–º–∞—à–Ω–µ–≥–æ –ø–∏—Ç–æ–º—Ü–∞ –≤–æ –≤—Ä–µ–º—è –æ—Ç–ø—É—Å–∫–∞? –î–æ–≤–µ—Ä—å—Ç–µ—Å—å —Ç–µ—Ö–Ω–æ–ª–æ–≥–∏—è–º! https://t.co/hC9PRyO5hQ #–ò–¢–ú–û;None
2016-07-19 08:51:28;–∂–∏–≤—É —Ä—è–¥–æ–º —Å –∏—Ç–º–æ –•–ê–•–ê–•–ê –≤–æ—Ç –µ—Ç–æ —Å—Ç–µ–±));None
2016-07-19 07:25:59;–°–Ω–∞—á–∞–ª–∞ —è –ø–æ—Å—Ç–æ—è–Ω–Ω–æ –æ–±–Ω–æ–≤–ª—è–ª —Å–∞–π—Ç –ï–ì–≠, –∞ —Ç–µ–ø–µ—Ä—å —Ç–æ –∂–µ —Å–∞–º–æ–µ –¥–µ–ª–∞—é —Å —Å–∞–π—Ç–æ–º –ø—Ä–∏—ë–º–Ω–æ–π –∫–∞–º–ø–∞–Ω–∏–∏ –ò–¢–ú–û. –ë—ã—Å—Ç—Ä–µ–µ –±—ã —É–∂–µ —Å–ø–∏—Å–∫–∏ –∑–∞—á–∏—Å–ª–µ–Ω–Ω—ã—Ö —É–≤–∏–¥–µ—Ç—å;None
2016-07-18 22:01:27;–ó–∞–≤—Ç—Ä–∞ —Å–≥–æ–Ω—è—é –≤ –ò–¢–ú–û –¢–æ—á–Ω–µ–µ —Å–µ–≥–æ–¥–Ω—è –î–Ω–µ–º  –ê —á—Ç–æ –ø–æ—Ç–æ–º;None
2016-07-18 18:39:16;–í–∑—è–ª–∏ –∏–Ω—Ç–µ—Ä–≤—å—é —É –ü–∞—à–∏ üòÇ –õ—é–±–∏–º—ã–π –º–æ–π, —Ç–≤–æ–∏ –æ—Ç–≤–µ—Ç—ã –ª—É—á—à–∏–µ (@ –§–æ–Ω—Ç–∞–Ω —É–Ω–∏–≤–µ—Ä—Å–∏—Ç–µ—Ç–∞ –ò–¢–ú–û) https://t.co/z7ZO8WvcJW https://t.co/MXI6eKYDPn;59.95762843,30.3054664
2016-07-18 16:42:52;–ë–≥–≥–≥–≥. #–∏—Ç–º–æ https://t.co/YX8nX1E12N;None
2016-07-18 15:21:03;–ù–∞–∫–∏–Ω—É–ª–∏ 5 –±–∞–ª–ª–æ–≤ –≤ –ò–¢–ú–û –∑–∞ –ø–æ—Ä—Ç—Ñ–æ–ª–∏–æ –û–•–£–ï–¢–¨ –Ø –Ω–∞ ~40 –º–µ—Å—Ç –ø–æ–¥–Ω—è–ª—Å—è –≤ —Ä–µ–π—Ç–∏–Ω–≥–µ;None
2016-07-18 14:59:15;–ü—Ä–æ–±–ª–µ–º—ã —É–º–Ω—ã—Ö –≥–æ—Ä–æ–¥–æ–≤ –±—É–¥—É—Ç —Ä–µ—à–∞—Ç—å –≤ —É–Ω–∏–≤–µ—Ä—Å–∏—Ç–µ—Ç–∞—Ö¬†https://t.co/mLD501FxOH #–ò–¢–ú–û;None
2016-07-18 12:03:08;–ö—É—Ä—Å –Ω–∞ –∫–∞—Ä—å–µ—Ä—É: –ø–ª–∞—Ç—Ñ–æ—Ä–º–∞ Courseburg —Å—Ç–∞–Ω–µ—Ç –ø—Ä–æ–≤–æ–¥–Ω–∏–∫–æ–º –≤ —Å—Ñ–µ—Ä–µ –¥–æ–ø–æ–ª–Ω–∏—Ç–µ–ª—å–Ω–æ–≥–æ –æ–±—Ä–∞–∑–æ–≤–∞–Ω–∏—è¬†https://t.co/Of0wWEkYxj #–ò–¢–ú–û;None
2016-07-18 11:32:38;RT @habrahabr: –î–∞–π–¥–∂–µ—Å—Ç –£–Ω–∏–≤–µ—Ä—Å–∏—Ç–µ—Ç–∞ –ò–¢–ú–û: https://t.co/nCLyiLNBfx. –ü–æ–¥–±–æ—Ä–∫–∞ –ø—É–±–ª–∏–∫–∞—Ü–∏–π, –ø–æ—Å–≤—è—â—ë–Ω–Ω—ã—Ö —Ä–µ–∑–∏–¥–µ–Ω—Ç–∞–º –∞–∫—Å–µ–ª–µ—Ä–∞—Ç–æ—Ä–æ–≤. https://t.co‚Ä¶;None
2016-07-18 10:58:18;–°–µ–π—á–∞—Å –∑–≤–æ–Ω–∏–ª–∏ –∏–∑ –ò–¢–ú–û –∏ —Å–∫–∞–∑–∞–ª–∏, —á—Ç–æ —è –ø–æ—Å—Ç—É–ø–∏–ª –∫ –Ω–∏–º!!! –Ø –ø—Ä–æ—Å—Ç–æ –æ—Ä—É!;None
2016-07-18 09:34:54;–ï—â–µ –æ–¥–Ω–æ –∏–Ω—Ç–µ—Ä–µ—Å–Ω–æ–µ –º–µ—Ä–æ–ø—Ä–∏—è—Ç–∏–µ –≤ –∏—é–ª–µ! –û—Ç–∫—Ä—ã—Ç–∞ —Ä–µ–≥–∏—Å—Ç—Ä–∞—Ü–∏—è –Ω–∞ "–û—Ç–∫—Ä—ã—Ç—ã–π —É–Ω–∏–≤–µ—Ä–∏—Å—Ç–µ—Ç" https://t.co/SMG1NltOQg #–ò–¢–ú–û;None
2016-07-18 09:29:28;–î–∞–π–¥–∂–µ—Å—Ç –£–Ω–∏–≤–µ—Ä—Å–∏—Ç–µ—Ç–∞ –ò–¢–ú–û: –†–µ–∑–∏–¥–µ–Ω—Ç—ã –Ω–∞—à–∏—Ö –∞–∫—Å–µ–ª–µ—Ä–∞—Ç–æ—Ä–æ–≤;None
2016-07-18 09:29:12;RT @spbifmo: –ù–∞ #vkfest –≤ –∑–æ–Ω–µ #–ò–¢–ú–û –Ω–∞–º —É–¥–∞–ª–æ—Å—å –ø–æ–π–º–∞—Ç—å –ü–∏–∫–∞—á—É! #PokemonGO https://t.co/MDwGwHyG8L;None
2016-07-18 09:19:04;–î–∞–π–¥–∂–µ—Å—Ç –£–Ω–∏–≤–µ—Ä—Å–∏—Ç–µ—Ç–∞ –ò–¢–ú–û: –†–µ–∑–∏–¥–µ–Ω—Ç—ã –Ω–∞—à–∏—Ö –∞–∫—Å–µ–ª–µ—Ä–∞—Ç–æ—Ä–æ–≤  –° 2012 –≥–æ–¥–∞ –≤ –†–æ—Å—Å–∏–∏... https://t.co/PNKd0XvIVF https://t.co/9WbtT86QNx;None
2016-07-18 09:07:04;#–î–∞–π–¥–∂–µ—Å—Ç –£–Ω–∏–≤–µ—Ä—Å–∏—Ç–µ—Ç–∞ –ò–¢–ú–û: –†–µ–∑–∏–¥–µ–Ω—Ç—ã –Ω–∞—à–∏—Ö –∞–∫—Å–µ–ª–µ—Ä–∞—Ç–æ—Ä–æ–≤ https://t.co/Qh6shpFjYW #—É–ø—Ä–∞–≤–ª–µ–Ω–∏–µ–ø—Ä–æ–µ–∫—Ç–∞–º–∏;None
2016-07-18 09:05:08;–î–∞–π–¥–∂–µ—Å—Ç –£–Ω–∏–≤–µ—Ä—Å–∏—Ç–µ—Ç–∞ –ò–¢–ú–û: https://t.co/nCLyiLNBfx. –ü–æ–¥–±–æ—Ä–∫–∞ –ø—É–±–ª–∏–∫–∞—Ü–∏–π, –ø–æ—Å–≤—è—â—ë–Ω–Ω—ã—Ö —Ä–µ–∑–∏–¥–µ–Ω—Ç–∞–º –∞–∫—Å–µ–ª–µ—Ä–∞—Ç–æ—Ä–æ–≤. https://t.co/NuQvjWmIo3;None
2016-07-18 09:02:04;#habr –î–∞–π–¥–∂–µ—Å—Ç –£–Ω–∏–≤–µ—Ä—Å–∏—Ç–µ—Ç–∞ –ò–¢–ú–û: –†–µ–∑–∏–¥–µ–Ω—Ç—ã –Ω–∞—à–∏—Ö –∞–∫—Å–µ–ª–µ—Ä–∞—Ç–æ—Ä–æ–≤ https://t.co/6SvgDNuKEy;None
2016-07-18 08:46:20;#habrahabr.ru &gt –î–∞–π–¥–∂–µ—Å—Ç –£–Ω–∏–≤–µ—Ä—Å–∏—Ç–µ—Ç–∞ –ò–¢–ú–û: –†–µ–∑–∏–¥–µ–Ω—Ç—ã –Ω–∞—à–∏—Ö –∞–∫—Å–µ–ª–µ—Ä–∞—Ç–æ—Ä–æ–≤ https://t.co/7EykPKl8c8;None
2016-07-18 08:42:09;–î–∞–π–¥–∂–µ—Å—Ç –£–Ω–∏–≤–µ—Ä—Å–∏—Ç–µ—Ç–∞ –ò–¢–ú–û: –†–µ–∑–∏–¥–µ–Ω—Ç—ã –Ω–∞—à–∏—Ö –∞–∫—Å–µ–ª–µ—Ä–∞—Ç–æ—Ä–æ–≤ https://t.co/W0OsBRTvfl;None
2016-07-18 08:34:02;–î–∞–π–¥–∂–µ—Å—Ç –£–Ω–∏–≤–µ—Ä—Å–∏—Ç–µ—Ç–∞ –ò–¢–ú–û: –†–µ–∑–∏–¥–µ–Ω—Ç—ã –Ω–∞—à–∏—Ö –∞–∫—Å–µ–ª–µ—Ä–∞—Ç–æ—Ä–æ–≤ https://t.co/nk3h27IfDs | https://t.co/vAtDea2uXa;None
2016-07-18 08:33:19;–î–∞–π–¥–∂–µ—Å—Ç –£–Ω–∏–≤–µ—Ä—Å–∏—Ç–µ—Ç–∞ –ò–¢–ú–û: –†–µ–∑–∏–¥–µ–Ω—Ç—ã –Ω–∞—à–∏—Ö –∞–∫—Å–µ–ª–µ—Ä–∞—Ç–æ—Ä–æ–≤! https://t.co/9OYeo4hVHR itmo ‚òÖ;None
2016-07-18 08:32:23;–î–∞–π–¥–∂–µ—Å—Ç –£–Ω–∏–≤–µ—Ä—Å–∏—Ç–µ—Ç–∞ –ò–¢–ú–û: –†–µ–∑–∏–¥–µ–Ω—Ç—ã –Ω–∞—à–∏—Ö –∞–∫—Å–µ–ª–µ—Ä–∞—Ç–æ—Ä–æ–≤: –° 2012 –≥–æ–¥–∞ –≤ –†–æ—Å—Å–∏–∏‚Ä¶ https://t.co/XjlfKptuKK;None
2016-07-18 08:27:13;–î–∞–π–¥–∂–µ—Å—Ç –£–Ω–∏–≤–µ—Ä—Å–∏—Ç–µ—Ç–∞ –ò–¢–ú–û: –†–µ–∑–∏–¥–µ–Ω—Ç—ã –Ω–∞—à–∏—Ö –∞–∫—Å–µ–ª–µ—Ä–∞—Ç–æ—Ä–æ–≤ https://t.co/WERqKcncjJ;None
2016-07-18 08:09:12;RT habrahabr:  –î–∞–π–¥–∂–µ—Å—Ç –£–Ω–∏–≤–µ—Ä—Å–∏—Ç–µ—Ç–∞ –ò–¢–ú–û: –†–µ–∑–∏–¥–µ–Ω—Ç—ã –Ω–∞—à–∏—Ö –∞–∫—Å–µ–ª–µ—Ä–∞—Ç–æ—Ä–æ–≤ https://t.co/iOl3rU6WIY https://t.co/dOp3chHqZG;None
2016-07-18 07:58:50;–î–∞–π–¥–∂–µ—Å—Ç –£–Ω–∏–≤–µ—Ä—Å–∏—Ç–µ—Ç–∞ –ò–¢–ú–û: –†–µ–∑–∏–¥–µ–Ω—Ç—ã –Ω–∞—à–∏—Ö –∞–∫—Å–µ–ª–µ—Ä–∞—Ç–æ—Ä–æ–≤;None
2016-07-18 07:56:48;–î–∞–π–¥–∂–µ—Å—Ç –£–Ω–∏–≤–µ—Ä—Å–∏—Ç–µ—Ç–∞ –ò–¢–ú–û: –†–µ–∑–∏–¥–µ–Ω—Ç—ã –Ω–∞—à–∏—Ö –∞–∫—Å–µ–ª–µ—Ä–∞—Ç–æ—Ä–æ–≤;None
2016-07-18 07:56:40;–î–∞–π–¥–∂–µ—Å—Ç –£–Ω–∏–≤–µ—Ä—Å–∏—Ç–µ—Ç–∞ –ò–¢–ú–û: –†–µ–∑–∏–¥–µ–Ω—Ç—ã –Ω–∞—à–∏—Ö –∞–∫—Å–µ–ª–µ—Ä–∞—Ç–æ—Ä–æ–≤;None
2016-07-18 07:55:57;–î–∞–π–¥–∂–µ—Å—Ç –£–Ω–∏–≤–µ—Ä—Å–∏—Ç–µ—Ç–∞ –ò–¢–ú–û: –†–µ–∑–∏–¥–µ–Ω—Ç—ã –Ω–∞—à–∏—Ö –∞–∫—Å–µ–ª–µ—Ä–∞—Ç–æ—Ä–æ–≤;None
2016-07-18 07:54:50;–î–∞–π–¥–∂–µ—Å—Ç –£–Ω–∏–≤–µ—Ä—Å–∏—Ç–µ—Ç–∞ –ò–¢–ú–û: –†–µ–∑–∏–¥–µ–Ω—Ç—ã –Ω–∞—à–∏—Ö –∞–∫—Å–µ–ª–µ—Ä–∞—Ç–æ—Ä–æ–≤;None
2016-07-18 07:54:41;–î–∞–π–¥–∂–µ—Å—Ç –£–Ω–∏–≤–µ—Ä—Å–∏—Ç–µ—Ç–∞ –ò–¢–ú–û: –†–µ–∑–∏–¥–µ–Ω—Ç—ã –Ω–∞—à–∏—Ö –∞–∫—Å–µ–ª–µ—Ä–∞—Ç–æ—Ä–æ–≤;None
2016-07-18 07:38:38;–î–∞–π–¥–∂–µ—Å—Ç –£–Ω–∏–≤–µ—Ä—Å–∏—Ç–µ—Ç–∞ –ò–¢–ú–û: –†–µ–∑–∏–¥–µ–Ω—Ç—ã –Ω–∞—à–∏—Ö –∞–∫—Å–µ–ª–µ—Ä–∞—Ç–æ—Ä–æ–≤ https://t.co/yug73z8Akh #habr;None
2016-07-18 07:34:07;–î–∞–π–¥–∂–µ—Å—Ç –£–Ω–∏–≤–µ—Ä—Å–∏—Ç–µ—Ç–∞ –ò–¢–ú–û: –†–µ–∑–∏–¥–µ–Ω—Ç—ã –Ω–∞—à–∏—Ö –∞–∫—Å–µ–ª–µ—Ä–∞—Ç–æ—Ä–æ–≤ https://t.co/TJ9j6B6ZrL;None
2016-07-18 07:10:05;–î–∞–π–¥–∂–µ—Å—Ç –£–Ω–∏–≤–µ—Ä—Å–∏—Ç–µ—Ç–∞ –ò–¢–ú–û: –†–µ–∑–∏–¥–µ–Ω—Ç—ã –Ω–∞—à–∏—Ö –∞–∫—Å–µ–ª–µ—Ä–∞—Ç–æ—Ä–æ–≤: https://t.co/wmwCCVowXX https://t.co/7C1ztk33sp;None
2016-07-18 07:07:46;–î–∞–π–¥–∂–µ—Å—Ç –£–Ω–∏–≤–µ—Ä—Å–∏—Ç–µ—Ç–∞ –ò–¢–ú–û: –†–µ–∑–∏–¥–µ–Ω—Ç—ã –Ω–∞—à–∏—Ö –∞–∫—Å–µ–ª–µ—Ä–∞—Ç–æ—Ä–æ–≤ - https://t.co/n3NePH0dJE;None
2016-07-17 22:19:00;–ò–¢–ú–û, —Ä–∞–∑–¥–µ–ª "–ò–Ω–Ω–æ–≤–∞—Ü–∏–∏", –∏ –æ—Å–æ–±–µ–Ω–Ω–æ –ª–µ–∫—Ç–æ—Ä–∏–π - –æ—Ñ–∏–≥–µ–Ω–Ω–æ. –ù–µ —Ä–∞–∑–æ—á–∞—Ä–æ–≤–∞–ª–∏. –ò–¢–ú–û –Ω–∞—Å—Ç–æ–ª—å–∫–æ —É–≤–ª—ë–∫, —á—Ç–æ –∑–∞—Ö–æ—Ç–µ–ª —Ç—É–¥–∞ —Å–∞–º –ø–æ—Å—Ç—É–ø–∏—Ç—å.;None
2016-07-17 18:00:26;–ò–¢–ú–û @spbifmo_en —Å–¥–µ–ª–∞–ª–∏ –∫—Ä—É—Ç–æ–π —Å—Ç–µ–Ω–¥ –Ω–∞ #vkfest. –•–æ—Ç–µ–ª–æ—Å—å –±—ã –≤–∏–¥–µ—Ç—å –±–æ–ª—å—à–µ –í–£–ó–æ–≤, –∫–æ—Ç–æ—Ä—ã–µ –¥–µ–ª–∞—é—Ç –ø–æ–¥–æ–±–Ω—ã–µ –≤–µ—â–∏ –Ω–∞ —Ç–∞–∫–∏—Ö –º–µ—Ä–æ–ø—Ä–∏—è—Ç–∏—è—Ö.;None
2016-07-17 15:00:45;–û—á–µ—Ä–µ–¥—å —É –Ω–∞—à–µ–≥–æ —à–∞—Ç—Ä–∞ –ø—Ä–æ–¥–æ–ª–∂–∞–µ—Ç —Ä–∞—Å—Ç–∏! #vkfest –Ω–∏—Å–∫–æ–ª—å–∫–æ –Ω–µ —Å–±–∞–≤–ª—è–µ—Ç –æ–±–æ—Ä–æ—Ç—ã! #–∏—Ç–º–æ #itmo #vkfest2016 https://t.co/XtuPl8Wn6V;None
