1;–∫–∞–∫ –ø–µ—Ä–µ–≤–µ—Å—Ç–∏—Å—å –≤ –º–æ—Å–∫–æ–≤—Å–∫–∏–π –≥–æ—Å—É–¥–∞—Ä—Å—Ç–≤–µ–Ω–Ω—ã–π —Å—Ç—Ä–æ–∏—Ç–µ–ª—å–Ω—ã–π —É–Ω–∏–≤–µ—Ä—Å–∏—Ç–µ—Ç –∏–∑ –¥—Ä—É–≥–æ–≤–∞ –≤—É–∑–∞ –∏ —Å–∫–æ–ª—å–∫–æ —Å—Ç–æ–∏—Ç
2;RT @anerka04: -–¢—ã –ø–æ—Å—Ç—É–ø–∏—à—å –≤ –ú–ì–£. –ú–µ–ª–µ—É–∑–æ–≤—Å–∫–∏–π –≥–æ—Å—É–¥–∞—Ä—Å—Ç–≤–µ–Ω–Ω—ã–π —É–Ω–∏–≤–µ—Ä—Å–∏—Ç–µ—Ç.
3;-–¢—ã –ø–æ—Å—Ç—É–ø–∏—à—å –≤ –ú–ì–£. –ú–µ–ª–µ—É–∑–æ–≤—Å–∫–∏–π –≥–æ—Å—É–¥–∞—Ä—Å—Ç–≤–µ–Ω–Ω—ã–π —É–Ω–∏–≤–µ—Ä—Å–∏—Ç–µ—Ç.
4;RT @MonicaRibas: Moscow (17/20). Lomonosov Moscow State University (–ú–æ—Å–∫–æ–≤—Å–∫–∏–π –≥–æ—Å—É–¥–∞—Ä—Å—Ç–≤–µ–Ω–Ω—ã–π —É–Ω–∏–≤–µ—Ä—Å–∏—Ç–µ—Ç‚Ä¶ https://t.co/wwxfUmYPpb https:/‚Ä¶
5;RT @AngieVWeiss: –ú–æ—Å–∫–æ–≤—Å–∫–∏–π –≥–æ—Å—É–¥–∞—Ä—Å—Ç–≤–µ–Ω–Ω—ã–π —É–Ω–∏–≤–µ—Ä—Å–∏—Ç–µ—Ç –∏–º–µ–Ω–∏ –õ–æ–º–æ–Ω–æ—Å–æ–≤–∞ –≤–æ—à–µ–ª –≤ –¥–µ—Å—è—Ç–∫—É –º–µ–∂–¥—É–Ω–∞—Ä–æ–¥–Ω–æ–≥–æ —Ä–µ–π—Ç–∏–Ω–≥–∞ —Å—Ç—Ä–∞–Ω –ë–†–ò–ö–°... https://t.c‚Ä¶
6;I'm at –ú–æ—Å–∫–æ–≤—Å–∫–∏–π –≥–æ—Å—É–¥–∞—Ä—Å—Ç–≤–µ–Ω–Ω—ã–π –æ–±–ª–∞—Å—Ç–Ω–æ–π —Ç–µ—Ö–Ω–æ–ª–æ–≥–∏—á–µ—Å–∫–∏–π —É–Ω–∏–≤–µ—Ä—Å–∏—Ç–µ—Ç (–ú–ì–û–¢–£) / –∫–æ—Ä–ø—É—Å 2 https://t.co/uG5MugqmAt
7;–ú–ì–£ –ø–æ–ø–∞–ª –≤ —Ç–æ–ø-10 –ª—É—á—à–∏—Ö –≤—É–∑–æ–≤ —Å—Ç—Ä–∞–Ω –ë–†–ò–ö–° –ú–æ—Å–∫–æ–≤—Å–∫–∏–π –≥–æ—Å—É–¥–∞—Ä—Å—Ç–≤–µ–Ω–Ω—ã–π —É–Ω–∏–≤–µ—Ä—Å–∏—Ç–µ—Ç –∏–º–µ–Ω–∏ –õ–æ–º–æ–Ω–æ—Å–æ–≤–∞ –≤–æ—à–µ–ª –≤¬†—Ç–æ–ø-10 —Ä–µ–π—Ç–∏–Ω–≥–∞ QS World Univer
8;I'm at –ú–ü–ì–£ –∏–º. –õ–µ–Ω–∏–Ω–∞ (–ú–æ—Å–∫–æ–≤—Å–∫–∏–π –ø–µ–¥–∞–≥–æ–≥–∏—á–µ—Å–∫–∏–π –≥–æ—Å—É–¥–∞—Ä—Å—Ç–≤–µ–Ω–Ω—ã–π —É–Ω–∏–≤–µ—Ä—Å–∏—Ç–µ—Ç) in –ú–æ—Å–∫–≤–∞ https://t.co/ITFeSz11bo
9;–ú–ì–£ –≤–æ—à—ë–ª –≤ –ø–µ—Ä–≤—É—é –¥–µ—Å—è—Ç–∫—É —Ä–µ–π—Ç–∏–Ω–≥–∞ —Å—Ä–µ–¥–∏ –≤—É–∑–æ–≤ —Å—Ç—Ä–∞–Ω –ë–†–ò–ö–°: ¬´–ú–æ—Å–∫–æ–≤—Å–∫–∏–π –≥–æ—Å—É–¥–∞—Ä—Å—Ç–≤–µ–Ω–Ω—ã–π —É–Ω–∏–≤–µ—Ä—Å–∏—Ç–µ—Ç –∏–º–µ–Ω–∏‚Ä¶ https://t.co/cajI7pwSDt #—Å—Ç–∞—Ç—å–∏
10;–ú–ì–£ –≤–æ—à–µ–ª –≤ —Ç–æ–ø-10 —Ä–µ–π—Ç–∏–Ω–≥–∞ QS —Å—Ç—Ä–∞–Ω –ë–†–ò–ö–°: –ú–æ—Å–∫–æ–≤—Å–∫–∏–π –≥–æ—Å—É–¥–∞—Ä—Å—Ç–≤–µ–Ω–Ω—ã–π —É–Ω–∏–≤–µ—Ä—Å–∏—Ç–µ—Ç –∏–º. –ú.–õ–æ–º–æ–Ω–æ—Å–æ–≤–∞ —Å—Ç–∞–ª‚Ä¶ https://t.co/c9cLfDTlgX
11;–ú–æ—Å–∫–æ–≤—Å–∫–∏–π –≥–æ—Å—É–¥–∞—Ä—Å—Ç–≤–µ–Ω–Ω—ã–π —É–Ω–∏–≤–µ—Ä—Å–∏—Ç–µ—Ç –∏–º–µ–Ω–∏ –õ–æ–º–æ–Ω–æ—Å–æ–≤–∞ –≤–æ—à–µ–ª –≤ –¥–µ—Å—è—Ç–∫—É –º–µ–∂–¥—É–Ω–∞—Ä–æ–¥–Ω–æ–≥–æ —Ä–µ–π—Ç–∏–Ω–≥–∞ —Å—Ç—Ä–∞–Ω –ë–†–ò–ö–°... https://t.co/I6bnazt4dw
12;–ú–ì–£ –ø–æ–ø–∞–ª –≤ —Ç–æ–ø-10 –ª—É—á—à–∏—Ö –≤—É–∑–æ–≤ —Å—Ç—Ä–∞–Ω –ë–†–ò–ö–°: –ú–æ—Å–∫–æ–≤—Å–∫–∏–π –≥–æ—Å—É–¥–∞—Ä—Å—Ç–≤–µ–Ω–Ω—ã–π —É–Ω–∏–≤–µ—Ä—Å–∏—Ç–µ—Ç –∏–º–µ–Ω–∏ –õ–æ–º–æ–Ω–æ—Å–æ–≤–∞ –≤–æ—à–µ–ª‚Ä¶ https://t.co/csdiTYY03o #—Å—Ç–∞—Ç—å–∏
13;–ú–ì–£ –ø–æ–ø–∞–ª –≤ —Ç–æ–ø-10 –ª—É—á—à–∏—Ö –≤—É–∑–æ–≤ —Å—Ç—Ä–∞–Ω –ë–†–ò–ö–°: –ú–æ—Å–∫–æ–≤—Å–∫–∏–π –≥–æ—Å—É–¥–∞—Ä—Å—Ç–≤–µ–Ω–Ω—ã–π —É–Ω–∏–≤–µ—Ä—Å–∏—Ç–µ—Ç –∏–º–µ–Ω–∏ –õ–æ–º–æ–Ω–æ—Å–æ–≤–∞ –≤–æ—à–µ–ª –≤¬†—Ç–æ–ø-10‚Ä¶ https://t.co/6IoEZc8rob
14;–Ω–æ–≤–æ—Å—Ç–∏ –í —Ä–µ–π—Ç–∏–Ω–≥ QS BRICS-2016 –ø–æ–ø–∞–ª–∏ 55 —Ä–æ—Å—Å–∏–π—Å–∫–∏—Ö –≤—É–∑–æ–≤: –ú–æ—Å–∫–æ–≤—Å–∫–∏–π –≥–æ—Å—É–¥–∞—Ä—Å—Ç–≤–µ–Ω–Ω—ã–π —É–Ω–∏–≤–µ—Ä—Å–∏—Ç–µ—Ç –∏–º. –ú. –í‚Ä¶
15;–ú–ì–£ –ø–æ–ø–∞–ª –≤ —Ç–æ–ø-10 –ª—É—á—à–∏—Ö –≤—É–∑–æ–≤ —Å—Ç—Ä–∞–Ω –ë–†–ò–ö–° - –ú–æ—Å–∫–æ–≤—Å–∫–∏–π –≥–æ—Å—É–¥–∞—Ä—Å—Ç–≤–µ–Ω–Ω—ã–π —É–Ω–∏–≤–µ—Ä—Å–∏—Ç–µ—Ç –∏–º–µ–Ω–∏ –õ–æ–º–æ–Ω–æ—Å–æ–≤–∞ –≤–æ—à–µ–ª –≤¬†—Ç... https://t.co/PfSd8BmB2d
16;–í –¥–µ—Å—è—Ç–∫—É –º–µ–∂–¥—É–Ω–∞—Ä–æ–¥–Ω–æ–≥–æ —Ä–µ–π—Ç–∏–Ω–≥–∞ —Å—Ç—Ä–∞–Ω –ë–†–ò–ö–° –≤–æ—à–µ–ª –ú–æ—Å–∫–æ–≤—Å–∫–∏–π –≥–æ—Å—É–¥–∞—Ä—Å—Ç–≤–µ–Ω–Ω—ã–π —É–Ω–∏–≤–µ—Ä—Å–∏—Ç–µ—Ç‚Ä¶ https://t.co/kqGKxb7GAB https://t.co/DqQ3oCwoXO
17;–ú–æ—Å–∫–æ–≤—Å–∫–∏–π –≥–æ—Å—É–¥–∞—Ä—Å—Ç–≤–µ–Ω–Ω—ã–π —É–Ω–∏–≤–µ—Ä—Å–∏—Ç–µ—Ç –∏–º. –ú.–í.–õ–æ–º–æ–Ω–æ—Å–æ–≤–∞ –∑–∞–Ω—è–ª –≤ —Ä–µ–π—Ç–∏–Ω–≥–µ 7-–µ –º–µ—Å—Ç–æ. –î–æ –Ω–µ–≥–æ –≤ —Å–ø–∏—Å–∫–µ —Å—Ç–æ—è—Ç —à–µ—Å—Ç—å –∫–∏—Ç–∞–π—Å–∫–∏—Ö –∏ –æ–¥–∏–Ω‚Ä¶
18;–í —Ä–µ–π—Ç–∏–Ω–≥ –ª—É—á—à–∏—Ö —É–Ω–∏–≤–µ—Ä—Å–∏—Ç–µ—Ç–æ–≤ —Å—Ç—Ä–∞–Ω –ë–†–ò–ö–° –≤–æ—à–ª–∏ 55 —Ä–æ—Å—Å–∏–π—Å–∫–∏—Ö –≤—É–∑–æ–≤: –ú–æ—Å–∫–æ–≤—Å–∫–∏–π –≥–æ—Å—É–¥–∞—Ä—Å—Ç–≤–µ–Ω–Ω—ã–π —É–Ω–∏–≤–µ—Ä—Å–∏—Ç–µ—Ç –∏–º. –ú.–í.–õ–æ–º–æ–Ω–æ—Å–æ–≤–∞ –∑–∞–Ω—è–ª –≤‚Ä¶
19;–ú–æ—Å–∫–æ–≤—Å–∫–∏–π –≥–æ—Å—É–¥–∞—Ä—Å—Ç–≤–µ–Ω–Ω—ã–π —É–Ω–∏–≤–µ—Ä—Å–∏—Ç–µ—Ç –∏–º. –ú.–í.–õ–æ–º–æ–Ω–æ—Å–æ–≤–∞ –∑–∞–Ω—è–ª –≤ —Ä–µ–π—Ç–∏–Ω–≥–µ 7-–µ –º–µ—Å—Ç–æ. –î–æ –Ω–µ–≥–æ –≤ —Å–ø–∏—Å–∫–µ —Å—Ç–æ—è—Ç —à–µ—Å—Ç—å –∫–∏—Ç–∞–π—Å–∫–∏—Ö –∏ –æ–¥–∏–Ω –∏...
20;–í —Ä–µ–π—Ç–∏–Ω–≥ –ª—É—á—à–∏—Ö —É–Ω–∏–≤–µ—Ä—Å–∏—Ç–µ—Ç–æ–≤ —Å—Ç—Ä–∞–Ω –ë–†–ò–ö–° –≤–æ—à–ª–∏ 55 —Ä–æ—Å—Å–∏–π—Å–∫–∏—Ö –≤—É–∑–æ–≤: –ú–æ—Å–∫–æ–≤—Å–∫–∏–π –≥–æ—Å—É–¥–∞—Ä—Å—Ç–≤–µ–Ω–Ω—ã–π —É–Ω–∏–≤–µ—Ä—Å–∏—Ç–µ—Ç –∏–º. –ú.–í‚Ä¶
21;–†–æ—Å—Å–∏–π—Å–∫–∏–µ –≤—É–∑—ã –∑–∞–Ω—è–ª–∏ –≤—Ç–æ—Ä–æ–µ –º–µ—Å—Ç–æ –≤ —Ä–µ–π—Ç–∏–Ω–≥–µ QS –ø–æ —Å—Ç—Ä–∞–Ω–∞–º –ë–†–ò–ö–°: –ú–æ—Å–∫–æ–≤—Å–∫–∏–π –≥–æ—Å—É–¥–∞—Ä—Å—Ç–≤–µ–Ω–Ω—ã–π —É–Ω–∏–≤–µ—Ä—Å–∏—Ç–µ—Ç –≤–æ—à–µ–ª –≤ —Ç–æ–ø-10 –ø—Ä–µ—Å—Ç–∏–∂–Ω–æ–≥–æ‚Ä¶
22;–í —Ä–µ–π—Ç–∏–Ω–≥ –ª—É—á—à–∏—Ö —É–Ω–∏–≤–µ—Ä—Å–∏—Ç–µ—Ç–æ–≤ —Å—Ç—Ä–∞–Ω –ë–†–ò–ö–° –≤–æ—à–ª–∏ 55 —Ä–æ—Å—Å–∏–π—Å–∫–∏—Ö –≤—É–∑–æ–≤: –ú–æ—Å–∫–æ–≤—Å–∫–∏–π –≥–æ—Å—É–¥–∞—Ä—Å—Ç–≤–µ–Ω–Ω—ã–π —É–Ω–∏–≤–µ—Ä—Å–∏—Ç–µ—Ç ... https://t.co/LTRddA1ZgH
23;–í —Ä–µ–π—Ç–∏–Ω–≥ –ª—É—á—à–∏—Ö —É–Ω–∏–≤–µ—Ä—Å–∏—Ç–µ—Ç–æ–≤ —Å—Ç—Ä–∞–Ω –ë–†–ò–ö–° –≤–æ—à–ª–∏ 55 —Ä–æ—Å—Å–∏–π—Å–∫–∏—Ö –≤—É–∑–æ–≤: –ú–æ—Å–∫–æ–≤—Å–∫–∏–π –≥–æ—Å—É–¥–∞—Ä—Å—Ç–≤–µ–Ω–Ω—ã–π —É–Ω–∏–≤–µ—Ä—Å–∏—Ç–µ—Ç ... https://t.co/W6PsAfOGDp
24;–í —Ä–µ–π—Ç–∏–Ω–≥ –ª—É—á—à–∏—Ö —É–Ω–∏–≤–µ—Ä—Å–∏—Ç–µ—Ç–æ–≤ —Å—Ç—Ä–∞–Ω –ë–†–ò–ö–° –≤–æ—à–ª–∏ 55 —Ä–æ—Å—Å–∏–π—Å–∫–∏—Ö –≤—É–∑–æ–≤: –ú–æ—Å–∫–æ–≤—Å–∫–∏–π –≥–æ—Å—É–¥–∞—Ä—Å—Ç–≤–µ–Ω–Ω—ã–π —É–Ω–∏–≤–µ—Ä—Å–∏—Ç–µ—Ç –∏–º. –ú.–í.–õ–æ–º–æ–Ω–æ—Å–æ–≤–∞ –∑–∞–Ω—è–ª...
25;–ú–ì–£ –≤–æ—à–µ–ª –≤ —Ç–æ–ø-10 —É–Ω–∏–≤–µ—Ä—Å–∏—Ç–µ—Ç–æ–≤ —Å—Ç—Ä–∞–Ω –ë–†–ò–ö–°: –ú–æ—Å–∫–æ–≤—Å–∫–∏–π –≥–æ—Å—É–¥–∞—Ä—Å—Ç–≤–µ–Ω–Ω—ã–π —É–Ω–∏–≤–µ—Ä—Å–∏—Ç–µ—Ç –≤–æ—à–µ–ª –≤ –¥–µ—Å—è—Ç–∫—É –ª—É—á—à–∏—Ö –≤... https://t.co/2YcbGXV4aI
26;–í —Ä–µ–π—Ç–∏–Ω–≥ QS BRICS-2016 –ø–æ–ø–∞–ª–∏ 55 —Ä–æ—Å—Å–∏–π—Å–∫–∏—Ö –≤—É–∑–æ–≤: –ú–æ—Å–∫–æ–≤—Å–∫–∏–π –≥–æ—Å—É–¥–∞—Ä—Å—Ç–≤–µ–Ω–Ω—ã–π —É–Ω–∏–≤–µ—Ä—Å–∏—Ç–µ—Ç‚Ä¶ https://t.co/ryHGDZBRCD
27;–ù–æ–≤–æ–µ #–ò—Ä–∫—É—Ç—Å–∫: –ú–≥–∏—É, –º–æ—Å–∫–æ–≤—Å–∫–∏–π –≥–æ—Å—É–¥–∞—Ä—Å—Ç–≤–µ–Ω–Ω—ã–π –∏–Ω–¥—É—Å—Ç—Ä–∏–∞–ª—å–Ω—ã–π —É–Ω–∏–≤–µ—Ä—Å–∏—Ç–µ—Ç, —Ä–µ–≥–∏–æ–Ω https://t.co/xEzzriAzYN https://t.co/Hh8VRkCCoh
28;–í —Ä–µ–π—Ç–∏–Ω–≥ QS BRICS-2016 –ø–æ–ø–∞–ª–∏ 55 —Ä–æ—Å—Å–∏–π—Å–∫–∏—Ö –≤—É–∑–æ–≤: –ú–æ—Å–∫–æ–≤—Å–∫–∏–π –≥–æ—Å—É–¥–∞—Ä—Å—Ç–≤–µ–Ω–Ω—ã–π —É–Ω–∏–≤–µ—Ä—Å–∏—Ç–µ—Ç –∏–º. –ú.–í.–õ–æ–º–æ–Ω–æ—Å–æ–≤–∞ –∑–∞–Ω—è–ª –≤ –æ–±—â–µ–º —Ä–µ–π—Ç–∏–Ω–≥–µ 7 –º–µ—Å—Ç–æ
29;–ú–æ—Å–∫–æ–≤—Å–∫–∏–π –≥–æ—Å—É–¥–∞—Ä—Å—Ç–≤–µ–Ω–Ω—ã–π —É–Ω–∏–≤–µ—Ä—Å–∏—Ç–µ—Ç –∏–º. –ú.–í.–õ–æ–º–æ–Ω–æ—Å–æ–≤–∞ –∑–∞–Ω—è–ª –≤ –æ–±—â–µ–º —Ä–µ–π—Ç–∏–Ω–≥–µ 7 –º–µ—Å—Ç–æ
30;–í —Ä–µ–π—Ç–∏–Ω–≥ QS BRICS-2016 –ø–æ–ø–∞–ª–∏ 55 —Ä–æ—Å—Å–∏–π—Å–∫–∏—Ö –≤—É–∑–æ–≤: –ú–æ—Å–∫–æ–≤—Å–∫–∏–π –≥–æ—Å—É–¥–∞—Ä—Å—Ç–≤–µ–Ω–Ω—ã–π —É–Ω–∏–≤–µ—Ä—Å–∏—Ç–µ—Ç –∏–º. –ú.–í.–õ–æ–º–æ–Ω–æ—Å–æ–≤–∞... https://t.co/02hOyP4Jo6
31;–í —Ä–µ–π—Ç–∏–Ω–≥ QS BRICS-2016 –ø–æ–ø–∞–ª–∏ 55 —Ä–æ—Å—Å–∏–π—Å–∫–∏—Ö –≤—É–∑–æ–≤: –ú–æ—Å–∫–æ–≤—Å–∫–∏–π –≥–æ—Å—É–¥–∞—Ä—Å—Ç–≤–µ–Ω–Ω—ã–π —É–Ω–∏–≤–µ—Ä—Å–∏—Ç–µ—Ç –∏–º. –ú.–í.–õ–æ–º–æ–Ω–æ—Å–æ–≤–∞... https://t.co/OBqqXFwN3V
32;–í —Ä–µ–π—Ç–∏–Ω–≥ QS BRICS-2016 –ø–æ–ø–∞–ª–∏ 55 —Ä–æ—Å—Å–∏–π—Å–∫–∏—Ö –≤—É–∑–æ–≤: –ú–æ—Å–∫–æ–≤—Å–∫–∏–π –≥–æ—Å—É–¥–∞—Ä—Å—Ç–≤–µ–Ω–Ω—ã–π —É–Ω–∏–≤–µ—Ä—Å–∏—Ç–µ—Ç –∏–º. –ú.–í.–õ–æ–º–æ–Ω–æ—Å–æ–≤–∞... https://t.co/Z8kPNMAUgK
33;#–±–∏–∑–Ω–µ—Å –í —Ä–µ–π—Ç–∏–Ω–≥ QS BRICS-2016 –ø–æ–ø–∞–ª–∏ 55 —Ä–æ—Å—Å–∏–π—Å–∫–∏—Ö –≤—É–∑–æ–≤: –ú–æ—Å–∫–æ–≤—Å–∫–∏–π –≥–æ—Å—É–¥–∞—Ä—Å—Ç–≤–µ–Ω–Ω—ã–π —É–Ω–∏–≤–µ—Ä—Å–∏—Ç–µ—Ç –∏–º. –ú.–í.–õ–æ... https://t.co/FmSxSQExtZ
34;–ö–∞–∫ –ø–æ—Å—Ç—É–ø–∏—Ç—å –≤ –ú–æ—Å–∫–æ–≤—Å–∫–∏–π –ì–æ—Å—É–¥–∞—Ä—Å—Ç–≤–µ–Ω–Ω—ã–π –°—Ç—Ä–æ–∏—Ç–µ–ª—å–Ω—ã–π –£–Ω–∏–≤–µ—Ä—Å–∏—Ç–µ—Ç
35;–ö–∞–∫ –ø–æ—Å—Ç—É–ø–∏—Ç—å –≤ –ú–æ—Å–∫–æ–≤—Å–∫–∏–π –ì–æ—Å—É–¥–∞—Ä—Å—Ç–≤–µ–Ω–Ω—ã–π –°—Ç—Ä–æ–∏—Ç–µ–ª—å–Ω—ã–π –£–Ω–∏–≤–µ—Ä—Å–∏—Ç–µ—Ç
36;I'm at –ú–æ—Å–∫–æ–≤—Å–∫–∏–π –≥–æ—Å—É–¥–∞—Ä—Å—Ç–≤–µ–Ω–Ω—ã–π —é—Ä–∏–¥–∏—á–µ—Å–∫–∏–π —É–Ω–∏–≤–µ—Ä—Å–∏—Ç–µ—Ç –∏–º. –û. –ï. –ö—É—Ç–∞—Ñ–∏–Ω–∞ (–ú–ì–Æ–ê) - @msal_ru in –ú–æ—Å–∫–≤–∞ https://t.co/WNzimqXQQ2
37;I'm at –ú–æ—Å–∫–æ–≤—Å–∫–∏–π –≥–æ—Å—É–¥–∞—Ä—Å—Ç–≤–µ–Ω–Ω—ã–π —é—Ä–∏–¥–∏—á–µ—Å–∫–∏–π —É–Ω–∏–≤–µ—Ä—Å–∏—Ç–µ—Ç –∏–º. –û. –ï. –ö—É—Ç–∞—Ñ–∏–Ω–∞ (–ú–ì–Æ–ê) - @msal_ru in –ú–æ—Å–∫–≤–∞ https://t.co/lVSkDDmkRr
38;–ú–ò–ò–¢, –ú–æ—Å–∫–æ–≤—Å–∫–∏–π –≥–æ—Å—É–¥–∞—Ä—Å—Ç–≤–µ–Ω–Ω—ã–π —É–Ω–∏–≤–µ—Ä—Å–∏—Ç–µ—Ç –ø—É—Ç–µ–π —Å–æ–æ–±—â–µ–Ω–∏—è #—Ñ–∞–Ω–ø—Ä–æ–º–æ https://t.co/jDaoDySGnb
39;–ú–æ—Å–∫–æ–≤—Å–∫–∏–π –≥–æ—Å—É–¥–∞—Ä—Å—Ç–≤–µ–Ω–Ω—ã–π —É–Ω–∏–≤–µ—Ä—Å–∏—Ç–µ—Ç –∏–º–µ–Ω–∏ –ú.–í. –õ–æ–º–æ–Ω–æ—Å–æ–≤–∞ –∑–∞—â–∏—Ç–∏—Ç —Å–≤–æ–∏ —Ç–µ—Ä—Ä–∏—Ç–æ—Ä–∏–∏... https://t.co/PKOu5rzSuk https://t.co/CZQMXDCpcc
40;–ú–æ—Å–∫–æ–≤—Å–∫–∏–π –≥–æ—Å—É–¥–∞—Ä—Å—Ç–≤–µ–Ω–Ω—ã–π —É–Ω–∏–≤–µ—Ä—Å–∏—Ç–µ—Ç. –°–ø–æ–∫–æ–π–Ω–æ–π –Ω–æ—á–∏, –ú–æ—Å–∫–≤–∞ https://t.co/zqCoUYqfem
41;#msunewsru: –ú–æ—Å–∫–æ–≤—Å–∫–∏–π –≥–æ—Å—É–¥–∞—Ä—Å—Ç–≤–µ–Ω–Ω—ã–π —É–Ω–∏–≤–µ—Ä—Å–∏—Ç–µ—Ç –∏–º–µ–Ω–∏ –ú.–í. –õ–æ–º–æ–Ω–æ—Å–æ–≤–∞ –∑–∞—â–∏—Ç–∏—Ç —Å–≤–æ–∏ —Ç–µ—Ä—Ä–∏—Ç–æ—Ä–∏–∏ —Å–ø–µ—Ü–∏–∞–ª—å–Ω—ã–º ... https://t.co/1uCKZCO78V
42;–ú–ì–£, –ú–æ—Å–∫–æ–≤—Å–∫–∏–π –≥–æ—Å—É–¥–∞—Ä—Å—Ç–≤–µ–Ω–Ω—ã–π —É–Ω–∏–≤–µ—Ä—Å–∏—Ç–µ—Ç –∏–º. –ú.–í. –õ–æ–º–æ–Ω–æ—Å–æÔøΩ... #—Ñ–∞–Ω–ø—Ä–æ–º–æ https://t.co/hSif05p3sn
43;–∫–∞–∫ –ø–µ—Ä–µ–≤–µ—Å—Ç–∏—Å—å –≤ –º–æ—Å–∫–æ–≤—Å–∫–∏–π –≥–æ—Å—É–¥–∞—Ä—Å—Ç–≤–µ–Ω–Ω—ã–π —Å—Ç—Ä–æ–∏—Ç–µ–ª—å–Ω—ã–π —É–Ω–∏–≤–µ—Ä—Å–∏—Ç–µ—Ç –∏–∑ –¥—Ä—É–≥–æ–≤–∞ –≤—É–∑–∞ –∏ —Å–∫–æ–ª—å–∫–æ —Å—Ç–æ–∏—Ç
44;#moscow #moscowcity  #–º–æ—Å–∫–æ–≤—Å–∫–∏–π_–≥–æ—Å—É–¥–∞—Ä—Å—Ç–≤–µ–Ω–Ω—ã–π_—É–Ω–∏–≤–µ—Ä—Å–∏—Ç–µ—Ç #–ú–ì–£ @ –ì–ª–∞–≤–Ω–æ–µ –∑–¥–∞–Ω–∏–µ –ú–ì–£ https://t.co/BRSEhTLDEp
45;–ø—Ä–∞–≤–¥–∞ –ª–∏, —á—Ç–æ –ú–æ—Å–∫–æ–≤—Å–∫–∏–π –ì–æ—Å—É–¥–∞—Ä—Å—Ç–≤–µ–Ω–Ω—ã–π –ú–µ–¥–∏–∫–æ - –°—Ç–æ–º–∞—Ç–æ–ª–æ–≥–∏—á–µ—Å–∫–∏–π –£–Ω–∏–≤–µ—Ä—Å–∏—Ç–µ—Ç —Å–∞–º—ã–π –ø—Ä–æ–¥–∞–∂–Ω—ã–π –∏–∑ –ú–ï–î–û–í
46;RT @tjournal: –ú–æ—Å–∫–æ–≤—Å–∫–∏–π –≥–æ—Å—É–¥–∞—Ä—Å—Ç–≤–µ–Ω–Ω—ã–π –ª–∏–Ω–≥–≤–∏—Å—Ç–∏—á–µ—Å–∫–∏–π —É–Ω–∏–≤–µ—Ä—Å–∏—Ç–µ—Ç –ø—Ä–∏–≥–ª–∞—à–∞–µ—Ç: –º–≥–ª–∞ –ø—Ä–∏–±–ª–∏–∂–∞–µ—Ç—Å—è (via @brooklynoir) https://t.co/YTrnMfEO‚Ä¶
47;RT @tjournal: –ú–æ—Å–∫–æ–≤—Å–∫–∏–π –≥–æ—Å—É–¥–∞—Ä—Å—Ç–≤–µ–Ω–Ω—ã–π –ª–∏–Ω–≥–≤–∏—Å—Ç–∏—á–µ—Å–∫–∏–π —É–Ω–∏–≤–µ—Ä—Å–∏—Ç–µ—Ç –ø—Ä–∏–≥–ª–∞—à–∞–µ—Ç: –º–≥–ª–∞ –ø—Ä–∏–±–ª–∏–∂–∞–µ—Ç—Å—è (via @brooklynoir) https://t.co/YTrnMfEO‚Ä¶
48;‚ö™ –û–∫–æ–Ω—á–∏–ª –ú–æ—Å–∫–æ–≤—Å–∫–∏–π –≥–æ—Å—É–¥–∞—Ä—Å—Ç–≤–µ–Ω–Ω—ã–π —É–Ω–∏–≤–µ—Ä—Å–∏—Ç–µ—Ç –≤ 1925 –≥–æ–¥—É
49;I'm at –ú–æ—Å–∫–æ–≤—Å–∫–∏–π –≥–æ—Å—É–¥–∞—Ä—Å—Ç–≤–µ–Ω–Ω—ã–π –æ–±–ª–∞—Å—Ç–Ω–æ–π —Ç–µ—Ö–Ω–æ–ª–æ–≥–∏—á–µ—Å–∫–∏–π —É–Ω–∏–≤–µ—Ä—Å–∏—Ç–µ—Ç (–ú–ì–û–¢–£) / –∫–æ—Ä–ø—É—Å 2 https://t.co/YDzpvMEBTZ
50;–ö–∞–∫ –ø–æ—Å—Ç—É–ø–∏—Ç—å –≤ –ú–æ—Å–∫–æ–≤—Å–∫–∏–π –ì–æ—Å—É–¥–∞—Ä—Å—Ç–≤–µ–Ω–Ω—ã–π –°—Ç—Ä–æ–∏—Ç–µ–ª—å–Ω—ã–π –£–Ω–∏–≤–µ—Ä—Å–∏—Ç–µ—Ç
51;–≥–¥–µ –Ω–∞—Ö–æ–¥–∏—Ç—Å—è –ú–æ—Å–∫–æ–≤—Å–∫–∏–π –ì–æ—Å—É–¥–∞—Ä—Å—Ç–≤–µ–Ω–Ω—ã–π –£–Ω–∏–≤–µ—Ä—Å–∏—Ç–µ—Ç?
52;–í –ú–æ—Å–∫–≤–µ +32 –≤ —Ç–µ–Ω–∏)) @ –ú–æ—Å–∫–æ–≤—Å–∫–∏–π –≥–æ—Å—É–¥–∞—Ä—Å—Ç–≤–µ–Ω–Ω—ã–π —É–Ω–∏–≤–µ—Ä—Å–∏—Ç–µ—Ç –∏–º–µ–Ω–∏ –ú.–í.–õ–æ–º–æ–Ω–æ—Å–æ–≤–∞ https://t.co/DzCOrrm3vw
53;–ö–∞–∫ –ø–æ—Å—Ç—É–ø–∏—Ç—å –≤ –ú–æ—Å–∫–æ–≤—Å–∫–∏–π –ì–æ—Å—É–¥–∞—Ä—Å—Ç–≤–µ–Ω–Ω—ã–π –°—Ç—Ä–æ–∏—Ç–µ–ª—å–Ω—ã–π –£–Ω–∏–≤–µ—Ä—Å–∏—Ç–µ—Ç
54;RT @xexe_club: –ú–æ—Å–∫–æ–≤—Å–∫–∏–π –≥–æ—Å—É–¥–∞—Ä—Å—Ç–≤–µ–Ω–Ω—ã–π –ª–∏–Ω–≥–≤–∏—Å—Ç–∏—á–µ—Å–∫–∏–π —É–Ω–∏–≤–µ—Ä—Å–∏—Ç–µ—Ç –ø—Ä–∏–≥–ª–∞—à–∞–µ—Ç: –º–≥–ª–∞ –ø—Ä–∏–±–ª–∏–∂–∞–µ—Ç—Å—è   https://t.co/UcmLZyK5rj https://t.co/‚Ä¶
55;RT @xexe_club: –ú–æ—Å–∫–æ–≤—Å–∫–∏–π –≥–æ—Å—É–¥–∞—Ä—Å—Ç–≤–µ–Ω–Ω—ã–π –ª–∏–Ω–≥–≤–∏—Å—Ç–∏—á–µ—Å–∫–∏–π —É–Ω–∏–≤–µ—Ä—Å–∏—Ç–µ—Ç –ø—Ä–∏–≥–ª–∞—à–∞–µ—Ç: –º–≥–ª–∞ –ø—Ä–∏–±–ª–∏–∂–∞–µ—Ç—Å—è   https://t.co/UcmLZyK5rj https://t.co/‚Ä¶
56;–ì–æ–≤–æ—Ä—è—Ç, —á—Ç–æ —Å—Ñ–æ—Ç–∫–∞—Ç—å –ú–æ—Å–∫–æ–≤—Å–∫–∏–π –ì–æ—Å—É–¥–∞—Ä—Å—Ç–≤–µ–Ω–Ω—ã–π –£–Ω–∏–≤–µ—Ä—Å–∏—Ç–µ—Ç - —Ö–æ—Ä–æ—à–∞—è –ø—Ä–∏–º–µ—Ç–∞. –Ø —ç—Ç–æ —Ç–æ–ª—å–∫–æ —á—Ç–æ‚Ä¶ https://t.co/ylRUs23zH1
57;I'm at –ú–æ—Å–∫–æ–≤—Å–∫–∏–π –≥–æ—Å—É–¥–∞—Ä—Å—Ç–≤–µ–Ω–Ω—ã–π –æ–±–ª–∞—Å—Ç–Ω–æ–π —Ç–µ—Ö–Ω–æ–ª–æ–≥–∏—á–µ—Å–∫–∏–π —É–Ω–∏–≤–µ—Ä—Å–∏—Ç–µ—Ç (–ú–ì–û–¢–£) in –ö–æ—Ä–æ–ª—ë–≤, –ú–æ—Å–∫–æ–≤—Å–∫–∞—è –æ–±–ª–∞—Å—Ç—å https://t.co/Unaec6DBMg
58;–ø—Ä–∞–≤–¥–∞ –ª–∏, —á—Ç–æ –ú–æ—Å–∫–æ–≤—Å–∫–∏–π –ì–æ—Å—É–¥–∞—Ä—Å—Ç–≤–µ–Ω–Ω—ã–π –ú–µ–¥–∏–∫–æ - –°—Ç–æ–º–∞—Ç–æ–ª–æ–≥–∏—á–µ—Å–∫–∏–π –£–Ω–∏–≤–µ—Ä—Å–∏—Ç–µ—Ç —Å–∞–º—ã–π –ø—Ä–æ–¥–∞–∂–Ω—ã–π –∏–∑ –ú–ï–î–û–í
59;–ø—Ä–∞–≤–¥–∞ –ª–∏, —á—Ç–æ –ú–æ—Å–∫–æ–≤—Å–∫–∏–π –ì–æ—Å—É–¥–∞—Ä—Å—Ç–≤–µ–Ω–Ω—ã–π –ú–µ–¥–∏–∫–æ - –°—Ç–æ–º–∞—Ç–æ–ª–æ–≥–∏—á–µ—Å–∫–∏–π –£–Ω–∏–≤–µ—Ä—Å–∏—Ç–µ—Ç —Å–∞–º—ã–π –ø—Ä–æ–¥–∞–∂–Ω—ã–π –∏–∑ –ú–ï–î–û–í
60;80!!!!! (@ –ú–ü–ì–£ –∏–º. –õ–µ–Ω–∏–Ω–∞ (–ú–æ—Å–∫–æ–≤—Å–∫–∏–π –ø–µ–¥–∞–≥–æ–≥–∏—á–µ—Å–∫–∏–π –≥–æ—Å—É–¥–∞—Ä—Å—Ç–≤–µ–Ω–Ω—ã–π —É–Ω–∏–≤–µ—Ä—Å–∏—Ç–µ—Ç) in –ú–æ—Å–∫–≤–∞) https://t.co/rMGi9GCSJQ
61;RT @mathOO7tutor: #–ü–æ—Å—Ç—É–ø–∞–µ–º –≤ #–ú–ì–£ #–ü–æ–¥–≥–æ—Ç–æ–≤–∫–∞ –∫ #–î–í–ò –ø–æ #–º–∞—Ç–µ–º–∞—Ç–∏–∫–µ –≤ –ú–æ—Å–∫–æ–≤—Å–∫–∏–π –≥–æ—Å—É–¥–∞—Ä—Å—Ç–≤–µ–Ω–Ω—ã–π #—É–Ω–∏–≤–µ—Ä—Å–∏—Ç–µ—Ç –∏–º–µ–Ω–∏ –ú. –í. –õ–æ–º–æ–Ω–æ—Å–æ–≤–∞ http‚Ä¶
62;RT @mathOO7tutor: #–ü–æ—Å—Ç—É–ø–∞–µ–º –≤ #–ú–ì–£ #–ü–æ–¥–≥–æ—Ç–æ–≤–∫–∞ –∫ #–î–í–ò –ø–æ #–º–∞—Ç–µ–º–∞—Ç–∏–∫–µ –≤ –ú–æ—Å–∫–æ–≤—Å–∫–∏–π –≥–æ—Å—É–¥–∞—Ä—Å—Ç–≤–µ–Ω–Ω—ã–π #—É–Ω–∏–≤–µ—Ä—Å–∏—Ç–µ—Ç –∏–º–µ–Ω–∏ –ú. –í. –õ–æ–º–æ–Ω–æ—Å–æ–≤–∞ http‚Ä¶
63;#–ü–æ—Å—Ç—É–ø–∞–µ–º –≤ #–ú–ì–£ #–ü–æ–¥–≥–æ—Ç–æ–≤–∫–∞ –∫ #–î–í–ò –ø–æ #–º–∞—Ç–µ–º–∞—Ç–∏–∫–µ –≤ –ú–æ—Å–∫–æ–≤—Å–∫–∏–π –≥–æ—Å—É–¥–∞—Ä—Å—Ç–≤–µ–Ω–Ω—ã–π #—É–Ω–∏–≤–µ—Ä—Å–∏—Ç–µ—Ç –∏–º–µ–Ω–∏ –ú. –í. –õ–æ–º–æ–Ω–æ—Å–æ–≤–∞ https://t.co/QpuotgPylJ
64;I'm at –ú–ì–£–î–¢ (–ú–æ—Å–∫–æ–≤—Å–∫–∏–π –≥–æ—Å—É–¥–∞—Ä—Å—Ç–≤–µ–Ω–Ω—ã–π —É–Ω–∏–≤–µ—Ä—Å–∏—Ç–µ—Ç –¥–∏–∑–∞–π–Ω–∞ –∏ —Ç–µ—Ö–Ω–æ–ª–æ–≥–∏–π) in –ú–æ—Å–∫–≤–∞ https://t.co/gWP2q1lJYs
65;üòå @ –ú–æ—Å–∫–æ–≤—Å–∫–∏–π –≥–æ—Å—É–¥–∞—Ä—Å—Ç–≤–µ–Ω–Ω—ã–π —É–Ω–∏–≤–µ—Ä—Å–∏—Ç–µ—Ç –∏–º–µ–Ω–∏ –ú.–í.–õ–æ–º–æ–Ω–æ—Å–æ–≤–∞ https://t.co/pvsa5YHVhx
66;RT @tjournal: –ú–æ—Å–∫–æ–≤—Å–∫–∏–π –≥–æ—Å—É–¥–∞—Ä—Å—Ç–≤–µ–Ω–Ω—ã–π –ª–∏–Ω–≥–≤–∏—Å—Ç–∏—á–µ—Å–∫–∏–π —É–Ω–∏–≤–µ—Ä—Å–∏—Ç–µ—Ç –ø—Ä–∏–≥–ª–∞—à–∞–µ—Ç: –º–≥–ª–∞ –ø—Ä–∏–±–ª–∏–∂–∞–µ—Ç—Å—è (via @brooklynoir) https://t.co/YTrnMfEO‚Ä¶
67;RT @xexe_club: –ú–æ—Å–∫–æ–≤—Å–∫–∏–π –≥–æ—Å—É–¥–∞—Ä—Å—Ç–≤–µ–Ω–Ω—ã–π –ª–∏–Ω–≥–≤–∏—Å—Ç–∏—á–µ—Å–∫–∏–π —É–Ω–∏–≤–µ—Ä—Å–∏—Ç–µ—Ç –ø—Ä–∏–≥–ª–∞—à–∞–µ—Ç: –º–≥–ª–∞ –ø—Ä–∏–±–ª–∏–∂–∞–µ—Ç—Å—è   https://t.co/UcmLZyK5rj https://t.co/‚Ä¶
68;RT @xexe_club: –ú–æ—Å–∫–æ–≤—Å–∫–∏–π –≥–æ—Å—É–¥–∞—Ä—Å—Ç–≤–µ–Ω–Ω—ã–π –ª–∏–Ω–≥–≤–∏—Å—Ç–∏—á–µ—Å–∫–∏–π —É–Ω–∏–≤–µ—Ä—Å–∏—Ç–µ—Ç –ø—Ä–∏–≥–ª–∞—à–∞–µ—Ç: –º–≥–ª–∞ –ø—Ä–∏–±–ª–∏–∂–∞–µ—Ç—Å—è   https://t.co/UcmLZyK5rj https://t.co/‚Ä¶
69;RT @xexe_club: –ú–æ—Å–∫–æ–≤—Å–∫–∏–π –≥–æ—Å—É–¥–∞—Ä—Å—Ç–≤–µ–Ω–Ω—ã–π –ª–∏–Ω–≥–≤–∏—Å—Ç–∏—á–µ—Å–∫–∏–π —É–Ω–∏–≤–µ—Ä—Å–∏—Ç–µ—Ç –ø—Ä–∏–≥–ª–∞—à–∞–µ—Ç: –º–≥–ª–∞ –ø—Ä–∏–±–ª–∏–∂–∞–µ—Ç—Å—è   https://t.co/UcmLZyK5rj https://t.co/‚Ä¶
70;RT @xexe_club: –ú–æ—Å–∫–æ–≤—Å–∫–∏–π –≥–æ—Å—É–¥–∞—Ä—Å—Ç–≤–µ–Ω–Ω—ã–π –ª–∏–Ω–≥–≤–∏—Å—Ç–∏—á–µ—Å–∫–∏–π —É–Ω–∏–≤–µ—Ä—Å–∏—Ç–µ—Ç –ø—Ä–∏–≥–ª–∞—à–∞–µ—Ç: –º–≥–ª–∞ –ø—Ä–∏–±–ª–∏–∂–∞–µ—Ç—Å—è   https://t.co/UcmLZyK5rj https://t.co/‚Ä¶
71;RT @xexe_club: –ú–æ—Å–∫–æ–≤—Å–∫–∏–π –≥–æ—Å—É–¥–∞—Ä—Å—Ç–≤–µ–Ω–Ω—ã–π –ª–∏–Ω–≥–≤–∏—Å—Ç–∏—á–µ—Å–∫–∏–π —É–Ω–∏–≤–µ—Ä—Å–∏—Ç–µ—Ç –ø—Ä–∏–≥–ª–∞—à–∞–µ—Ç: –º–≥–ª–∞ –ø—Ä–∏–±–ª–∏–∂–∞–µ—Ç—Å—è   https://t.co/UcmLZyK5rj https://t.co/‚Ä¶
72;RT @xexe_club: –ú–æ—Å–∫–æ–≤—Å–∫–∏–π –≥–æ—Å—É–¥–∞—Ä—Å—Ç–≤–µ–Ω–Ω—ã–π –ª–∏–Ω–≥–≤–∏—Å—Ç–∏—á–µ—Å–∫–∏–π —É–Ω–∏–≤–µ—Ä—Å–∏—Ç–µ—Ç –ø—Ä–∏–≥–ª–∞—à–∞–µ—Ç: –º–≥–ª–∞ –ø—Ä–∏–±–ª–∏–∂–∞–µ—Ç—Å—è   https://t.co/UcmLZyK5rj https://t.co/‚Ä¶
73;RT @xexe_club: –ú–æ—Å–∫–æ–≤—Å–∫–∏–π –≥–æ—Å—É–¥–∞—Ä—Å—Ç–≤–µ–Ω–Ω—ã–π –ª–∏–Ω–≥–≤–∏—Å—Ç–∏—á–µ—Å–∫–∏–π —É–Ω–∏–≤–µ—Ä—Å–∏—Ç–µ—Ç –ø—Ä–∏–≥–ª–∞—à–∞–µ—Ç: –º–≥–ª–∞ –ø—Ä–∏–±–ª–∏–∂–∞–µ—Ç—Å—è   https://t.co/UcmLZyK5rj https://t.co/‚Ä¶
74;RT @xexe_club: –ú–æ—Å–∫–æ–≤—Å–∫–∏–π –≥–æ—Å—É–¥–∞—Ä—Å—Ç–≤–µ–Ω–Ω—ã–π –ª–∏–Ω–≥–≤–∏—Å—Ç–∏—á–µ—Å–∫–∏–π —É–Ω–∏–≤–µ—Ä—Å–∏—Ç–µ—Ç –ø—Ä–∏–≥–ª–∞—à–∞–µ—Ç: –º–≥–ª–∞ –ø—Ä–∏–±–ª–∏–∂–∞–µ—Ç—Å—è   https://t.co/UcmLZyK5rj https://t.co/‚Ä¶
75;RT @xexe_club: –ú–æ—Å–∫–æ–≤—Å–∫–∏–π –≥–æ—Å—É–¥–∞—Ä—Å—Ç–≤–µ–Ω–Ω—ã–π –ª–∏–Ω–≥–≤–∏—Å—Ç–∏—á–µ—Å–∫–∏–π —É–Ω–∏–≤–µ—Ä—Å–∏—Ç–µ—Ç –ø—Ä–∏–≥–ª–∞—à–∞–µ—Ç: –º–≥–ª–∞ –ø—Ä–∏–±–ª–∏–∂–∞–µ—Ç—Å—è   https://t.co/UcmLZyK5rj https://t.co/‚Ä¶
76;–ú–æ—Å–∫–æ–≤—Å–∫–∏–π –≥–æ—Å—É–¥–∞—Ä—Å—Ç–≤–µ–Ω–Ω—ã–π –ª–∏–Ω–≥–≤–∏—Å—Ç–∏—á–µ—Å–∫–∏–π —É–Ω–∏–≤–µ—Ä—Å–∏—Ç–µ—Ç –ø—Ä–∏–≥–ª–∞—à–∞–µ—Ç: –º–≥–ª–∞ –ø—Ä–∏–±–ª–∏–∂–∞–µ—Ç—Å—è   https://t.co/UcmLZyK5rj https://t.co/BlufdFJQUH
77;–ú–æ—Å–∫–æ–≤—Å–∫–∏–π —Ç–µ–∫—Å—Ç–∏–ª—å–Ω—ã–π –∫–æ–ª–ª–µ–¥–∂, –ú–æ—Å–∫–æ–≤—Å–∫–∏–π –≥–æ—Å—É–¥–∞—Ä—Å—Ç–≤–µ–Ω–Ω—ã–π —É–Ω–∏–≤–µ—Ä—Å–∏—Ç–µ—Ç
78;#–¢–≤–∏–î—Ä—É–∑—å—è –ü–µ—Ä–≤—ã–π –ú–æ—Å–∫–æ–≤—Å–∫–∏–π –≥–æ—Å—É–¥–∞—Ä—Å—Ç–≤–µ–Ω–Ω—ã–π –º–µ–¥–∏—Ü–∏–Ω—Å–∫–∏–π —É–Ω–∏–≤–µ—Ä—Å–∏—Ç–µ—Ç –∏–º–µ–Ω–∏ –ò
79;#–î–æ–∂–¥—å –Ω–µ –∑–∞–∫–∞–Ω—á–∏–≤–∞–ª –ú–æ—Å–∫–æ–≤—Å–∫–∏–π –∞–≤—Ç–æ–º–æ–±–∏–ª—å–Ω–æ-–¥–æ—Ä–æ–∂–Ω—ã–π –≥–æ—Å—É–¥–∞—Ä—Å—Ç–≤–µ–Ω–Ω—ã–π —Ç–µ—Ö–Ω–∏—á–µ—Å–∫–∏–π —É–Ω–∏–≤–µ—Ä—Å–∏—Ç–µ—Ç (#–ú–ê–î–ò), –Ω–æ –¥–∞–µ—Ç —Å–≤–æ–π –º–∞—Å—Ç–µ—Ä-–∫–ª–∞—Å—Å –≥–µ–æ–¥–µ–∑–∏–∏
80;–ú–æ—Å–∫–æ–≤—Å–∫–∏–π –≥–æ—Å—É–¥–∞—Ä—Å—Ç–≤–µ–Ω–Ω—ã–π —É–Ω–∏–≤–µ—Ä—Å–∏—Ç–µ—Ç, –ò–ü–ú–µ—Ö –†–ê–ù
81;I'm at –ú–æ—Å–∫–æ–≤—Å–∫–∏–π –∞–≤—Ç–æ–º–æ–±–∏–ª—å–Ω–æ-–¥–æ—Ä–æ–∂–Ω—ã–π –≥–æ—Å—É–¥–∞—Ä—Å—Ç–≤–µ–Ω–Ω—ã–π —Ç–µ—Ö–Ω–∏—á–µ—Å–∫–∏–π —É–Ω–∏–≤–µ—Ä—Å–∏—Ç–µ—Ç (–ú–ê–î–ò) in –ú–æ—Å–∫–≤–∞ https://t.co/dXiBjWh8Jw
82;–ú–ì–°–£ –ø–ª–∞–Ω–∏—Ä—É–µ—Ç –Ω–∞—á–∞—Ç—å –æ–±—É—á–µ–Ω–∏–µ –ø–æ —Å–ø–µ—Ü–∏–∞–ª—å–Ω–æ—Å—Ç–∏ "–î–µ–≤–µ–ª–æ–ø–º–µ–Ω—Ç": –ú–æ—Å–∫–æ–≤—Å–∫–∏–π –≥–æ—Å—É–¥–∞—Ä—Å—Ç–≤–µ–Ω–Ω—ã–π —Å—Ç—Ä–æ–∏—Ç–µ–ª—å–Ω—ã–π —É–Ω–∏–≤–µ—Ä—Å–∏—Ç–µ—Ç (–ú–ì–°–£) –ø–ª–∞–Ω–∏—Ä—É–µ—Ç –≤‚Ä¶
83;–ù–∞ –±–∞–∑–µ –ú–ì–°–£ –ø–ª–∞–Ω–∏—Ä—É–µ—Ç—Å—è –æ—Ç–∫—Ä—ã—Ç—å –∏–Ω–∂–µ–Ω–µ—Ä–Ω—ã–π –ª–∏—Ü–µ–π: –ú–æ—Å–∫–æ–≤—Å–∫–∏–π –≥–æ—Å—É–¥–∞—Ä—Å—Ç–≤–µ–Ω–Ω—ã–π —Å—Ç—Ä–æ–∏—Ç–µ–ª—å–Ω—ã–π —É–Ω–∏–≤–µ—Ä—Å–∏—Ç–µ—Ç (–ú–ì–°–£) –ø–ª–∞–Ω–∏—Ä—É–µ—Ç —Å–æ–∑–¥–∞—Ç—å –Ω–∞ –±–∞–∑–µ‚Ä¶
84;–∫–∞–∫ –ø–µ—Ä–µ–≤–µ—Å—Ç–∏—Å—å –≤ –º–æ—Å–∫–æ–≤—Å–∫–∏–π –≥–æ—Å—É–¥–∞—Ä—Å—Ç–≤–µ–Ω–Ω—ã–π —Å—Ç—Ä–æ–∏—Ç–µ–ª—å–Ω—ã–π —É–Ω–∏–≤–µ—Ä—Å–∏—Ç–µ—Ç –∏–∑ –¥—Ä—É–≥–æ–≤–∞ –≤—É–∑–∞ –∏ —Å–∫–æ–ª—å–∫–æ —Å—Ç–æ–∏—Ç
85;@aigulya_sha –º–æ—Å–∫–æ–≤—Å–∫–∏–π –≥–æ—Å—É–¥–∞—Ä—Å—Ç–≤–µ–Ω–Ω—ã–π –º–∞—à–∏–Ω–æ—Å—Ç—Ä–æ–∏—Ç–µ–ª—å–Ω—ã–π —É–Ω–∏–≤–µ—Ä—Å–∏—Ç–µ—Ç. –ù–æ —è —Ç—É–¥–∞ –Ω–µ —Ö–æ—á—É —Å–æ–≤—Å–µ–º üò£üòÑ
86;I'm at –ú–æ—Å–∫–æ–≤—Å–∫–∏–π –≥–æ—Å—É–¥–∞—Ä—Å—Ç–≤–µ–Ω–Ω—ã–π –æ–±–ª–∞—Å—Ç–Ω–æ–π —Ç–µ—Ö–Ω–æ–ª–æ–≥–∏—á–µ—Å–∫–∏–π —É–Ω–∏–≤–µ—Ä—Å–∏—Ç–µ—Ç (–ú–ì–û–¢–£) in –ö–æ—Ä–æ–ª—ë–≤, –ú–æ—Å–∫–æ–≤—Å–∫–∞—è –æ–±–ª–∞—Å—Ç—å https://t.co/4jYuKchMbL
87;#–ú–ì–£ #MBA #EMBA #ExecutiveMBA #–ú–æ—Å–∫–æ–≤—Å–∫–∏–π #–ì–æ—Å—É–¥–∞—Ä—Å—Ç–≤–µ–Ω–Ω—ã–π #–£–Ω–∏–≤–µ—Ä—Å–∏—Ç–µ—Ç #–õ–æ–º–æ–Ω–æ—Å–æ–≤–∞ #–í–®–ë #–í—ã—Å—à–∞—è‚Ä¶ https://t.co/JVssIa4ftr
88;–ú–æ—Å–∫–æ–≤—Å–∫–∏–π –≥–æ—Å—É–¥–∞—Ä—Å—Ç–≤–µ–Ω–Ω—ã–π –∏–Ω–¥—É—Å—Ç—Ä–∏–∞–ª—å–Ω—ã–π —É–Ω–∏–≤–µ—Ä—Å–∏—Ç–µ—Ç, –ø—Ä–µ–¥... #—Ñ–∞–Ω–ø—Ä–æ–º–æ https://t.co/1ZPcDPC2E2
89;RT @volckvlesu: –ú–æ—Å–∫–æ–≤—Å–∫–∏–π –≥–æ—Å—É–¥–∞—Ä—Å—Ç–≤–µ–Ω–Ω—ã–π –æ–±–ª–∞—Å—Ç–Ω–æ–π —É–Ω–∏–≤–µ—Ä—Å–∏—Ç–µ—Ç –æ—Ç–º–µ—á–∞–µ—Ç 85-–ª–µ—Ç–∏–µ: –ö—Ä–∞—Å–Ω–æ–≥–æ—Ä—Å–∫. 15 –∏—é–Ω—è. –ò–ù–¢–ï–†–§–ê–ö–°¬†‚Äî –ü–µ—Ä–≤—ã–π –∑–∞–º–ø—Ä–µ–¥ –ø—Ä–∞–≤–∏—Ç‚Ä¶
90;Moscow (17/20). Lomonosov Moscow State University (–ú–æ—Å–∫–æ–≤—Å–∫–∏–π –≥–æ—Å—É–¥–∞—Ä—Å—Ç–≤–µ–Ω–Ω—ã–π —É–Ω–∏–≤–µ—Ä—Å–∏—Ç–µ—Ç‚Ä¶ https://t.co/wwxfUmYPpb https://t.co/vVxcShmDYJ
91;I'm at –ú–æ—Å–∫–æ–≤—Å–∫–∏–π –∞–≤—Ç–æ–º–æ–±–∏–ª—å–Ω–æ-–¥–æ—Ä–æ–∂–Ω—ã–π –≥–æ—Å—É–¥–∞—Ä—Å—Ç–≤–µ–Ω–Ω—ã–π —Ç–µ—Ö–Ω–∏—á–µ—Å–∫–∏–π —É–Ω–∏–≤–µ—Ä—Å–∏—Ç–µ—Ç (–ú–ê–î–ò) in –ú–æ—Å–∫–≤–∞ https://t.co/7pa1zEDAO1
92;–ú–Ω–µ –∏–Ω—Ç–µ—Ä–µ—Å–Ω–æ, –µ—Å–ª–∏ "–ú–æ—Å–∫–æ–≤—Å–∫–∏–π –≥–æ—Å—É–¥–∞—Ä—Å—Ç–≤–µ–Ω–Ω—ã–π —Ç–µ—Ö–Ω–∏—á–µ—Å–∫–∏–π —É–Ω–∏–≤–µ—Ä—Å–∏—Ç–µ—Ç –∏–º–µ–Ω–∏ –ù. –≠. –ë–∞—É–º–∞–Ω–∞" –ø–µ—Ä–µ–∏–º–µ–Ω–æ–≤–∞—Ç.. https://t.co/L0CqpYS7cI
93;–û–±—ä—è–≤–ª–µ–Ω–∏–µ –¥–ª—è —à–∫–æ–ª—å–Ω–∏–∫–æ–≤ 10-—Ö –∫–ª–∞—Å—Å–æ–≤!  –ú–æ—Å–∫–æ–≤—Å–∫–∏–π –≥–æ—Å—É–¥–∞—Ä—Å—Ç–≤–µ–Ω–Ω—ã–π —Ç–µ—Ö–Ω–∏—á–µ—Å–∫–∏–π —É–Ω–∏–≤–µ—Ä—Å–∏—Ç–µ—Ç –≥—Ä–∞–∂–¥–∞–Ω—Å–∫–æ–π –∞–≤–∏–∞—Ü–∏–∏... https://t.co/YhAWzKDIfx
94;I'm at –ú–æ—Å–∫–æ–≤—Å–∫–∏–π –≥–æ—Å—É–¥–∞—Ä—Å—Ç–≤–µ–Ω–Ω—ã–π –æ–±–ª–∞—Å—Ç–Ω–æ–π —Ç–µ—Ö–Ω–æ–ª–æ–≥–∏—á–µ—Å–∫–∏–π —É–Ω–∏–≤–µ—Ä—Å–∏—Ç–µ—Ç (–ú–ì–û–¢–£) in –ö–æ—Ä–æ–ª—ë–≤, –ú–æ—Å–∫–æ–≤—Å–∫–∞—è –æ–±–ª–∞—Å—Ç—å https://t.co/oK1F77tnl5
95;–ö–∞–∫ –ø–æ—Å—Ç—É–ø–∏—Ç—å –≤ –ú–æ—Å–∫–æ–≤—Å–∫–∏–π –ì–æ—Å—É–¥–∞—Ä—Å—Ç–≤–µ–Ω–Ω—ã–π –°—Ç—Ä–æ–∏—Ç–µ–ª—å–Ω—ã–π –£–Ω–∏–≤–µ—Ä—Å–∏—Ç–µ—Ç
