tname;tdate;ttext;tgeo
jst f-j;2016-07-31 14:36:27;–∑–∞–±—É–¥—å –æ–± –ò–¢–ú–û;None
pr;2016-07-31 10:50:58;@nobodyruns –≤ –∏—Ç–º–æ —Ç–∞–º —á–µ—Ç–∞ –ø–∏–∑–¥–µ—Ü –±–∞–ª–ª—ã, —Å–Ω–∞—á–∞–ª–∞ —Ç—É–¥–∞ —Ö–æ—Ç–µ–ª–∞  –í–æ–æ–±—â–µ –≤ —ç—Ç–æ–º –≥–æ–¥—É –∫—É—á–∞ –ª—é–¥–µ–π —Å–¥–∞–≤–∞–ª–∞ –∏–Ω—Ñ—É ((;None
I ain't no nice guy;2016-07-30 22:16:10;–í–∫ —Ä–µ–∫–æ–º–µ–Ω–¥—É–µ—Ç –º–Ω–µ "–∏–Ω—Ç–µ—Ä–µ—Å–Ω—É—é" "–Ω–æ–≤–æ—Å—Ç—å" –∑–∞ 23 —á–∏—Å–ª–æ. –ü—Ä–∏ —ç—Ç–æ–º —è –µ—ë —É–∂–µ –≤–∏–¥–µ–ª. –°—Ä–∞–∑—É –≤–∏–¥–Ω–æ, —á—Ç–æ —Ç–∞–º —Å–ø–µ—Ü—ã –∏–∑ –ò–¢–ú–û —Ä–∞–±–æ—Ç–∞—é—Ç, –∞–≥–∞.;None
–ö–æ—Ä–æ–ª—å –∞–¥–∞;2016-07-30 17:37:51;@As_Mad_As_Shiny –≤–∏–¥–µ–ª–∞?! –£ –º–µ–Ω—è –æ–¥–Ω–∏ –º–∞—Ç—ã... –ö–æ–≥–¥–∞ —Ç–∞–º —É–∂–µ –¥–≤–∞ –≥–æ–¥–∞ –ø—Ä–æ–π–¥—ë—Ç –∏ —è –ø–æ—Å—Ç—É–ø–ª—é –≤ –∏—Ç–º–æ? –ê-–∞–º–±–∏—Ü–∏–∏ https://t.co/kaUX761hl8;None
Diamond cat;2016-07-30 17:18:28;@JenFableNoir —è –Ω–µ –∑–Ω–∞—é —á–µ–º —Ç—ã –¥—É–º–∞–µ—à—å –º–µ–Ω—è—è –∏—Ç–º–æ –Ω–∞ –≥–æ—Ä–Ω—ã–π;None
–ì–µ–Ω–¥–∑–∏;2016-07-30 15:37:23;@followFSWL –∫—Ç–æ —Ç–∞–º –±—ã–ª –ø—Ä–æ—Ç–∏–≤ —Å—Ä–∞—á–∞ –ò–¢–ú–û –∏ –°–ü–±–ì–£ ?)));None
—Ñ–∏–∫—É—Å;2016-07-30 12:44:19;@mychemicalfox –æ–æ, –∫—Ä—É—Ç, —É –º–µ–Ω—è –µ—Å—Ç—å —Å—á–∞, –Ω–æ —è —Ö–æ—Ç–µ–ª –Ω–æ–≤—É—é, –∞ –ò–¢–ú–û –Ω–µ —Å–æ—Ç—Ä—É–¥–Ω–∏—á–∞–µ—Ç —Å–æ —Å–±–µ—Ä–æ–º –≤—Ä–æ–¥–µ(9  –±–ª–∏–Ω–∞, —Ç–∞–∫ –∂–¥—É —É–∂–µ –æ—Å–µ–Ω–∏;None
–£–Ω–∏–≤–µ—Ä—Å–∏—Ç–µ—Ç –ò–¢–ú–û;2016-07-30 07:02:41;–†–µ–∑—É–ª—å—Ç–∞—Ç—ã Webometrics: ¬†#–ò–¢–ú–û —É–∫—Ä–µ–ø–∏–ª –ø–æ–∑–∏—Ü–∏–∏ –≤ —Ç–æ–ø-1000 —Ä–µ–π—Ç–∏–Ω–≥–∞¬†https://t.co/sPIhbXcsTB;None
Anna Veklich;2016-07-30 06:54:32;RT @spbifmo: #–ò–¢–ú–û –∏ "–õ–µ–∫—Ç–æ—Ä–∏—É–º" –æ—Ç–∫—Ä—ã–ª–∏ —Ä–µ–≥–∏—Å—Ç—Ä–∞—Ü–∏—é –Ω–∞ –ø–µ—Ä–≤—ã–π –≤ –†–æ—Å—Å–∏–∏ –æ–Ω–ª–∞–π–Ω-–∫—É—Ä—Å –ø–æ –Ω–∞—É—á–Ω–æ–π –∫–æ–º–º—É–Ω–∏–∫–∞—Ü–∏–∏ https://t.co/cWFItnYEvP;None
WHITE STAR;2016-07-30 06:50:04;@kseniaqaed –Ω–µ, –Ω–∞—Ñ–∏–≥ –∏—Ç–º–æ;None
–ù–æ–≤–æ—Å—Ç–∏ –†–æ—Å—Å–∏–∏;2016-07-30 01:11:27;–†–µ–∑—É–ª—å—Ç–∞—Ç—ã Webometrics: –£–Ω–∏–≤–µ—Ä—Å–∏—Ç–µ—Ç –ò–¢–ú–û —É–∫—Ä–µ–ø–∏–ª –ø–æ–∑–∏—Ü–∏–∏ –≤ —Ç–æ–ø-1000‚Ä¶ https://t.co/ufnDBK3D89 #–ü–µ—Ç–µ—Ä–±—É—Ä–≥ #–ü–∏—Ç–µ—Ä;None
–õ–∏–∑–∫–∞ II;2016-07-29 21:49:11;–Ø —Ö–æ—á—É, –Ω–µ—Ç —è —Ö–æ—á—É –ü–æ—Å—Ç—É–ø–∏—Ç—å –≤ –ò–¢–ú–û  –ò –≤ –ü–æ–ª–∏—Ç–µ—Ö —Ö–æ—á—É;None
–æ–∫—É–Ω—å;2016-07-29 19:45:27;–ß–µ—Ä–µ–∑ –≥–æ–¥ —Å –ê–Ω—å–∫–æ–π –ø–æ—Å—Ç—É–ø–∞–µ–º –≤ –ò–¢–ú–û. –†–ï–®–ï–ù–û;None
–ñ–ï–õ–ï–ó–ù–´–ô –°–ï–†–ì–ï–Æ–®–ö–ê;2016-07-29 19:03:35;@thfrfthdrk –∏—Ç–º–æ –∫–ª–µ–≤—ã–π –Ω–∏—á–µ –Ω–µ —Å–∫–∞–∂–µ—à—å –Ω–∞ —Å–∞–º–æ–º –¥–µ–ª–µ. –Ω—É –Ω–∞ –≤–µ—á–µ—Ä–∫–µ –≤ –≥–µ—Ä—Ü—É—Ö–µ —Å–∫–æ—Ä–µ–µ –≤—Å–µ–≥–æ.;None
—ç–Ω;2016-07-29 19:02:59;@your_guitarist –ø–∏–∑–¥–µ—Ü –ø—Ä–æ—Å—Ç–æ —Ö–æ—Ç—å —Ç–æ–ø–∏—Å—å –Ω–∞ —Ç–µ—Ö–Ω–∏—á–µ—Å–∫–∏–µ –≤ –∏—Ç–º–æ –Ω–∞–ø—Ä–∏–º–µ—Ä 255-270 –ø—Ä–æ—Ö–æ–¥–Ω–æ–π ) —Ç—ã –≥–¥–µ –≤–æ–æ–±—â–µ –±–æ–ª—å—à–µ —Ä–∞—Å—Å—á–∏—Ç—ã–≤–∞–µ—à—å —É—á–∏—Ç—å—Å—è?;None
–ö–æ—Ä—Å–∞–∫–æ–≤ –ò–≤–∞–Ω;2016-07-29 19:02:10;–ò–¢–ú–û —Å–ª–µ–¥–∏—Ç –∑–∞ —Ç—Ä–µ–Ω–¥–∞–º–∏. –ü–µ—Ä–≤—ã–π –Ω–µ–∫–ª–∞—Å—Å–∏—á–µ—Å–∫–∏–π –∏ –ø—Ä–∞–≤–¥–∞ –Ω–µ–∫–ª–∞—Å—Å–∏—á–µ—Å–∫–∏–π) https://t.co/rs9cwfChNd;None
–§—Ä–∏–∫-—É–±–∏–π—Ü–∞;2016-07-29 19:00:43;–•–æ—Ç–µ–ª –≤ –ò–¢–ú–û, –Ω–æ –≤—Å–µ —á—ë—Ç –≥–æ–≤–æ—Ä—è—Ç, —á—Ç–æ —Ç–∞–º —É—á–∏—Ç —Ç–æ–ª—å–∫–æ –æ–¥–∏–Ω —É—á–∏—Ç–µ–ª—å –∏ —Ç–æ–ª—å–∫–æ –æ–ª–∏–º–ø–∏–∞–¥–Ω–∏–∫–æ–≤;None
Cassidy;2016-07-29 13:21:00;@_morgai —è –∫—Å—Ç–∞—Ç–∏ —Ç–æ–∂–µ, –≤—Ä–æ–¥–µ –≤ –ò–¢–ú–û;None
Sergey Mardanov;2016-07-29 11:08:49;–∫—Ä—É—Ç–æ! –ü–æ–∑–¥—Ä–∞–≤–ª—è—é –≤—Å—é –∫–æ–º–∞–Ω–¥—É –ò–¢–ú–û!  P.S. –ù–∏–Ω–∞ –Ø–Ω—ã–∫–∏–Ω–∞ (Nina Yanykina) —è –∂–µ –≥–æ–≤–æ—Ä—é, —á—Ç–æ —Å–µ–π—á–∞—Å –≤–∞–∂–Ω–µ–µ –ø—Ä–∞–≤–∏–ª—å–Ω–∞—è... https://t.co/89mdwuyMNf;None
–ú–∞–∫—Å–∏–º –ß—É—Å–æ–≤;2016-07-29 11:06:05;–ù–µ –ø—Ä–æ—à–µ–ª –≤ –∏—Ç–º–æ üò¢  –ó–∞—Ç–æ —ã –±–æ–Ω—á –ø—Ä–æ—à–µ–ª. üòá;None
Nikita Kartashov;2016-07-29 10:36:36;@katya_titkova –ï—Å–ª–∏ —Ö–æ—Ç—å –∫–∞–∫–æ–π-—Ç–æ –æ–ø—ã—Ç –µ—Å—Ç—å (–∏–ª–∏ —Ç–æ –∂–µ –ò–¢–ú–û –≤ –æ–±—Ä–∞–∑–æ–≤–∞–Ω–∏–∏), —Ç–æ –Ω–∞ —Ç–µ–ª–µ—Ñ–æ–Ω, –Ω–∞–≤–µ—Ä–Ω–æ–µ, –ø–æ–∑–æ–≤—É—Ç. –û–ª—Å–æ, —á–µ—Ä–µ–∑ —Ä–µ—Ñ–µ—Ä–∞–ª–∞ –ª–µ–≥—á–µ.;None
Schr√∂dinger;2016-07-29 10:26:38;–ú–ê–ú–ê,–Ø –°–¢–£–î–ï–ù–¢!!!! –ú–æ–∂–µ—Ç–µ –º–µ–Ω—è –ø–æ–∑–¥—Ä–∞–≤–ª—è—Ç—å —Å –∑–∞—á–∏—Å–ª–µ–Ω–∏–µ–º –Ω–∞ 1 –∫—É—Ä—Å —É–Ω–∏–≤–µ—Ä—Å–∏—Ç–µ—Ç–∞ –ò–¢–ú–û!!!! üòúüòúüòúü§ìü§ìü§ìüòÑüòÑüòÑ;None
—Ñ–∏–∫—É—Å;2016-07-29 09:49:17;–±–æ–ª—å—à–µ —à—É—Ç–æ–∫, –ò–¢–ú–û https://t.co/wXH2xfE68g;None
–í–ª–∞–¥-–†–µ–ø;2016-07-29 08:44:15;15 –º–∏–Ω—É—Ç –¥–æ —Å–ø–∏—Å–∫–æ–≤ —Ä–µ–∫–æ–º–µ–Ω–¥–æ–≤–∞–Ω–Ω—ã—Ö –∏—Ç–º–æ  HYPE HYPE HYPE;None
–£–Ω–∏–≤–µ—Ä—Å–∏—Ç–µ—Ç –ò–¢–ú–û;2016-07-29 08:01:44;–ñ—É—Ä–Ω–∞–ª Nature –æ—Ç–º–µ—Ç–∏–ª #–ò–¢–ú–û –≤ Index of Rising Stars!¬†https://t.co/yd2aPY1UJd;None
M@}{;2016-07-28 21:28:02;–ú–∏–Ω—É—Ç–∫–∞ —Ä–∞—Å–∏–∑–º–∞: –≤ –æ–±—â–∞–≥–µ –∏—Ç–º–æ –æ—á–µ–Ω—å –º–Ω–æ–≥–æ –∫–∏—Ç.. –ê–∑–∏–∞—Ç–æ–≤. –ù–∞ —Å–∞–º–æ–º –¥–µ–ª–µ —è –Ω–µ –ø—Ä–æ—Ç–∏–≤, –ø—Ä–æ—Å—Ç –º–µ–Ω—è —Å–º—É—â–∞–µ—Ç –Ω–µ–∑–Ω–∞–∫–æ–º—ã–π —è–∑—ã–∫ –∏ –Ω–µ–∫–æ—Ç–æ—Ä—ã–µ –ø–æ–≤–∞–¥–∫–∏;None
–°–∞—à–∞;2016-07-28 20:21:34;@sawyerkaSpb –∫–∞–∫–∏–µ —Å—Ç—Ä–∞—à–Ω—ã–µ —Å–ª–æ–≤–∞! –£ –º–µ–Ω—è –≤ –∏—Ç–º–æ —Ç–∞–∫–æ–π –ø—Ä–µ–¥–º–µ—Ç –±—ã–ª;None
ol√©;2016-07-28 19:58:27;—É –£–†–§–£, –ü–ì–£, –¢–æ–º–ü–£, –¢–æ–º–ì–£, –°–∏–±–§–£, –ò–¢–ú–û –∫—Ä–∞—Å–∏–≤—ã–µ —ç–º–±–ª–µ–º—ã;None
Paulina;2016-07-28 19:10:41;–£ –±–æ–ª–∏ –µ—Å—Ç—å –≤—Ç–æ—Ä–æ–µ –∏–º—è: –ø—Ä–∏–µ–º–Ω–∞—è –∫–∞–º–ø–∞–Ω–∏—è –ò–¢–ú–û;None
–ù–∞—É–∫–∞ ‚òÖ –¢–µ—Ö–Ω–∏–∫–∞;2016-07-28 17:54:02;–†–æ—Å—Å–∏–π—Å–∫–∏–µ —É—á–µ–Ω—ã–µ –ø—Ä–æ–≤–æ–¥—è—Ç –∞–Ω–∞–ª–∏–∑ –Ω–∞ —Å–∞—Ö–∞—Ä –±–µ–∑ –∫—Ä–æ–≤–∏ /  / –í—ã–ø—É—Å–∫–Ω–∏–∫–∏ –°–∞–Ω–∫—Ç-–ø–µ—Ç–µ—Ä–±—É—Ä–≥—Å–∫–æ–≥–æ —É–Ω–∏–≤–µ—Ä—Å–∏—Ç–µ—Ç–∞ –ò–¢–ú–û —Ä–∞–∑—Ä–∞.. https://t.co/KnayaMsdXg;None
Aleksei Shchekoldin;2016-07-28 17:42:26;RT @parsley_v: –£–≤–∏–¥–µ–ª–∞ –ø–æ—Å—Ç –ø—Ä–æ —Å—Ç—É–¥–µ–Ω—Ç–∞, –∫–æ—Ç–æ—Ä—ã–π —Å–æ–±—Ä–∞–ª –≤—Å–µ—Ö –ø–æ–∫–µ–º–æ–Ω–æ–≤. –ê–≥–∞, –∏–∑ –ë–æ–Ω—á–∞. –°–µ–π—á–∞—Å –ø–æ—á–∏—Ç–∞–ª–∞ —Ç–∞–∫–∏..–í–µ–¥—å —Ç–∞–∫ –∏ –∑–Ω–∞–ª–∞, —á—Ç–æ –æ–Ω –∏–∑ –ò‚Ä¶;None
Spark;2016-07-28 17:20:18;–û–∫–µ–π –≥—É–≥–ª –ö–∞–∫ –∏—Å–ø—Ä–∞–≤–∏—Ç—å –∫–∞—Ä–º—É –ú–æ–∂–Ω–æ –ø–ª–∞—Ç–Ω–æ –∏ —Å —Å–º—Å #–∏—Ç–º–æ #–ø–æ–ª–∏—Ç–µ—Ö #–ª—ç—Ç–∏;None
–ú–∏—Ö–∞–∏–ª –ò–≤–∞–Ω–æ–≤;2016-07-28 16:31:58;–ù–∞—É–∫–∞ –∏ —Ç–µ—Ö–Ω–æ–ª–æ–≥–∏–∏ –†–æ—Å—Å–∏–∏ - QS BRICS: –£–Ω–∏–≤–µ—Ä—Å–∏—Ç–µ—Ç –ò–¢–ú–û —Å—Ç–∞–Ω–æ–≤–∏—Ç—Å—è –±–æ–ª–µ–µ –º–µ–∂–¥—É–Ω–∞—Ä–æ–¥–Ω—ã–º https://t.co/QFwmNhPW2O;None
–£–Ω–∏–≤–µ—Ä—Å–∏—Ç–µ—Ç –ò–¢–ú–û;2016-07-28 16:03:58;@@Fontanka_office: —É—á–µ–Ω—ã–π –∏–∑ #–ò–¢–ú–û —Ä–∞—Å—Å–∫–∞–∑–∞–ª –æ —Ç–æ–º, –∫–æ–≥–¥–∞ –ø–æ—è–≤–∏—Ç—Å—è —à–∞–ø–∫–∞-–Ω–µ–≤–∏–¥–∏–º–∫–∞ –∏ –≥–¥–µ –∏—Å–ø–æ–ª—å–∑–æ–≤–∞—Ç—å—Å—è¬†https://t.co/6OufHwUAql;None
–£–Ω–∏–≤–µ—Ä—Å–∏—Ç–µ—Ç –ò–¢–ú–û;2016-07-28 13:26:21;–í–∏—Ä—Ç—É–∞–ª—å–Ω–∞—è —Ä–µ–∞–ª—å–Ω–æ—Å—Ç—å: –ø—Ä–æ–≥–Ω–æ–∑—ã –∏ –æ—Å—Ç—Ä—ã–µ –≤–æ–ø—Ä–æ—Å—ã¬†https://t.co/J7OUROZgjI #–ò–¢–ú–û;None
–£–Ω–∏–≤–µ—Ä—Å–∏—Ç–µ—Ç –ò–¢–ú–û;2016-07-28 10:03:12;–ö–∞–∫ –Ω–∞–∫–∞–ø–ª–∏–≤–∞—Ç—å —ç–Ω–µ—Ä–≥–∏—é –æ—Ç –∞–ª—å—Ç–µ—Ä–Ω–∞—Ç–∏–≤–Ω—ã—Ö –∏—Å—Ç–æ—á–Ω–∏–∫–æ–≤ —Å –ø–æ–º–æ—â—å—é –º–æ–ª–µ–∫—É–ª¬†https://t.co/QmRTTONc29 #–ò–¢–ú–û;None
katie;2016-07-28 09:49:12;‚Üí–ø—Ä–∏–µ—Ö–∞–ª–∞ –≤ –ò–¢–ú–û ‚Üí–ø–æ—É–ª—ã–±–∞–ª–∞—Å—å –ø–∞—Ä–Ω—è–º  ‚Üí—É–µ—Ö–∞–ª–∞ üòπ;None
–£–Ω–∏–≤–µ—Ä—Å–∏—Ç–µ—Ç –ò–¢–ú–û;2016-07-28 09:02:03;–õ–µ—Ç–Ω—è—è —à–∫–æ–ª–∞ –ø–æ —Ä—É—Å—Å–∫–æ–º—É —è–∑—ã–∫—É –≤ #–ò–¢–ú–û: –≤—Å–µ –æ—Å–æ–±–µ–Ω–Ω–æ—Å—Ç–∏ –Ω–∞—Ü–∏–æ–Ω–∞–ª—å–Ω–æ–π –∫—É–ª—å—Ç—É—Ä—ã –¥–ª—è –µ–≤—Ä–æ–ø–µ–π—Ü–µ–≤¬†https://t.co/A1FiMxXWfS;None
M@}{;2016-07-28 07:48:59;I'm at –§–∞–∫—É–ª—å—Ç–µ—Ç –§–æ—Ç–æ–Ω–∏–∫–∏ –∏ –û–ø—Ç–æ–∏–Ω—Ñ–æ—Ä–º–∞—Ç–∏–∫–∏ –£–Ω–∏–≤–µ—Ä—Å–∏—Ç–µ—Ç–∞ –ò–¢–ú–û in –°–∞–Ω–∫—Ç-–ü–µ—Ç–µ—Ä–±—É—Ä–≥ https://t.co/Tj030Y5glw;None
—Ä—ã–∂–µ–≤–æ–ª–æ—Å–∞—è —Ç—è–Ω :–∑;2016-07-28 07:38:00;–¥–µ–∫–∞–Ω –º–µ–Ω—è —Ç–∞–∫ –∑–∞–ø—É–≥–∞–ª, —á—Ç–æ –º–Ω–µ —Ç–µ–ø–µ—Ä—å —Å—Ç—Ä–∞—à–Ω–æ –∏–¥—Ç–∏ –≤ –∏—Ç–º–æ...;None
Marie;2016-07-28 07:29:57;RT @parsley_v: –£–≤–∏–¥–µ–ª–∞ –ø–æ—Å—Ç –ø—Ä–æ —Å—Ç—É–¥–µ–Ω—Ç–∞, –∫–æ—Ç–æ—Ä—ã–π —Å–æ–±—Ä–∞–ª –≤—Å–µ—Ö –ø–æ–∫–µ–º–æ–Ω–æ–≤. –ê–≥–∞, –∏–∑ –ë–æ–Ω—á–∞. –°–µ–π—á–∞—Å –ø–æ—á–∏—Ç–∞–ª–∞ —Ç–∞–∫–∏..–í–µ–¥—å —Ç–∞–∫ –∏ –∑–Ω–∞–ª–∞, —á—Ç–æ –æ–Ω –∏–∑ –ò‚Ä¶;None
–£–Ω–∏–≤–µ—Ä—Å–∏—Ç–µ—Ç –ò–¢–ú–û;2016-07-28 07:27:13;–†–µ–∑—É–ª—å—Ç–∞—Ç—ã —Å—É–±—Ä–µ–π—Ç–∏–Ω–≥–æ–≤ Webometrics: ¬†#–ò–¢–ú–û ‚Äì –≤ —Ç—Ä–æ–π–∫–µ –ª–∏–¥–µ—Ä–æ–≤ –ø–æ –†–æ—Å—Å–∏–∏¬†https://t.co/TW7krGSb2u;None
–ò–ª—å—è –®–µ–±–∞–Ω–æ–≤;2016-07-27 23:44:42;–°–µ–≥–æ–¥–Ω—è —è –¥–æ–ª–∂–µ–Ω –±—ã–ª —Å–¥–∞–≤–∞—Ç—å —ç–∫–∑–∞–º–µ–Ω –≤ –∏—Ç–º–æ. –°–µ–π—á–∞—Å —è –Ω–µ —Ö–æ—á—É –¥–∞–∂–µ —Ç—É–¥–∞ –ø–æ—Å—Ç—É–ø–∞—Ç—å;None
pika;2016-07-27 21:44:21;–£–≤–∏–¥–µ–ª–∞ –ø–æ—Å—Ç –ø—Ä–æ —Å—Ç—É–¥–µ–Ω—Ç–∞, –∫–æ—Ç–æ—Ä—ã–π —Å–æ–±—Ä–∞–ª –≤—Å–µ—Ö –ø–æ–∫–µ–º–æ–Ω–æ–≤. –ê–≥–∞, –∏–∑ –ë–æ–Ω—á–∞. –°–µ–π—á–∞—Å –ø–æ—á–∏—Ç–∞–ª–∞ —Ç–∞–∫–∏..–í–µ–¥—å —Ç–∞–∫ –∏ –∑–Ω–∞–ª–∞, —á—Ç–æ –æ–Ω –∏–∑ –ò–¢–ú–û —Å—É–∫–∞;None
M@}{;2016-07-27 21:05:53;I'm at –°—Ç—É–¥–µ–Ω—á–µ—Å–∫–∏–π –≥–æ—Ä–æ–¥–æ–∫ –£–Ω–∏–≤–µ—Ä—Å–∏—Ç–µ—Ç–∞ –ò–¢–ú–û in –°–∞–Ω–∫—Ç-–ü–µ—Ç–µ—Ä–±—É—Ä–≥ https://t.co/UzsIGXdLtf;None
–ë—É—Ä—ã–∫ –ö–∏—Ä–∏–ª–ª;2016-07-27 19:56:21;–ö–∞–∫ –ø–æ—Å—Ç—É–ø–∏—Ç—å –≤ –ò–¢–ú–û (–°–∞–Ω–∫—Ç-–ü–µ—Ç–µ—Ä–±—É—Ä–≥)?;None
–¢–∞—Ç—å—è–Ω–∞ –§–æ–∫–∏–Ω–∞;2016-07-27 19:21:40;¬´–õ–µ–∫—Ç–æ—Ä–∏—É–º¬ª –∏¬†–£–Ω–∏–≤–µ—Ä—Å–∏—Ç–µ—Ç –ò–¢–ú–û –∑–∞–ø—É—Å–∫–∞—é—Ç –æ–Ω–ª–∞–π–Ω-–∫—É—Ä—Å –ø–æ¬†–Ω–∞—É—á–Ω–æ–π –∫–æ–º–º—É–Ω–∏–∫–∞—Ü–∏–∏ https://t.co/lWlxuYCh3p;None
KudagoSPb;2016-07-27 18:20:06;–ò–Ω—Ç–µ—Ä–∞–∫—Ç–∏–≤–Ω–∞—è –≤—ã—Å—Ç–∞–≤–∫–∞ ¬´–ñ–∏–≤–æ–π —Å–≤–µ—Ç¬ª –≤ –ú—É–∑–µ–µ –æ–ø—Ç–∏–∫–∏ –£–Ω–∏–≤–µ—Ä—Å–∏—Ç–µ—Ç–∞ –ò–¢–ú–û https://t.co/ZCmE1vTRm1;None
–ù–∞–¥—è –°–º–∏—Ä–Ω–æ–≤–∞;2016-07-27 17:15:09;–ì–µ–æ—Ä–≥–∏–π –ü–æ–ª—Ç–∞–≤—á–µ–Ω–∫–æ –ø–æ–∑–¥—Ä–∞–≤–∏–ª –≤—ã–ø—É—Å–∫–Ω–∏–∫–æ–≤ –ò–¢–ú–û —Å –æ–∫–æ–Ω—á–∞–Ω–∏–µ–º —É—á–µ–±—ã;None
–ù–∞—É–∫–∞ –Ω–∞ –ß–µ—Ä–¥–∞–∫–µ;2016-07-27 16:10:08;–ò–¢–ú–û –∏ ¬´–õ–µ–∫—Ç–æ—Ä–∏—É–º¬ª –ø—Ä–∏–≥–æ—Ç–æ–≤–∏–ª–∏ –Ω–∞—Å—Ç–æ—è—â–∏–π –ø–æ–¥–∞—Ä–æ–∫ –¥–ª—è —Ç–µ—Ö, –∫—Ç–æ –º–µ—á—Ç–∞–µ—Ç —Å—Ç–∞—Ç—å —Ö–æ—Ä–æ—à–∏–º –Ω–∞—É—á–Ω—ã–º –∂—É—Ä–Ω–∞–ª–∏—Å—Ç–æ–º: https://t.co/ADUqxCYhin;None
nast;2016-07-27 15:52:04;@drnmrtl –∏—Ç–º–æ —Ç–æ–∂–µ —Ö–æ—Ä–æ—à–æ;None
—à–∞–∫–∞–ª;2016-07-27 15:37:34;@_dyingwhale –∏—Ç–º–æ –∫—Ä–µ—Å—Ç—å—è–Ω–µ((;None
–í–æ–¥–Ω—ã–π –ë—É–ª—å–±–∞–∑–∞–≤—Ä;2016-07-27 15:18:38;–ï—Å–ª–∏ –≥–æ–≤–æ—Ä–∏—Ç—å –æ —Å–µ–±–µ: —è —É—á–∏–ª—Å—è –≤ –ò–¢–ú–û, –Ω–æ —É—à—ë–ª ‚Äî –º–Ω–µ –≤—É–∑ –ø—Ä–æ—Å—Ç–æ –Ω–µ –ø–æ–Ω—Ä–∞–≤–∏–ª—Å—è.;None
Smrnv;2016-07-27 12:17:42;I'm at –£–Ω–∏–≤–µ—Ä—Å–∏—Ç–µ—Ç –ò–¢–ú–û - @spbifmo in –°–∞–Ω–∫—Ç-–ü–µ—Ç–µ—Ä–±—É—Ä–≥ https://t.co/3u8n30dT6s https://t.co/XHkMEzNNZf;None
–£–Ω–∏–≤–µ—Ä—Å–∏—Ç–µ—Ç –ò–¢–ú–û;2016-07-27 12:06:42;–ö–∏–±–æ—Ä–≥-–æ–ª–∏–º–ø–∏–∞–¥–∞: –∫–∞–∫ –ø—Ä–æ–π–¥–µ—Ç –ø–µ—Ä–≤—ã–π –∫–∏–±–∞—Ç–ª–æ–Ω –≤ –†–æ—Å—Å–∏–∏ https://t.co/57eiVZ7iCZ #–ò–¢–ú–û;None
M@}{;2016-07-27 11:59:47;I'm at –¢–µ—Ö–Ω–æ–ø–∞—Ä–∫ –£–Ω–∏–≤–µ—Ä—Å–∏—Ç–µ—Ç–∞ –ò–¢–ú–û / Technopark of ITMO University - @technoparkitmo in –°–∞–Ω–∫—Ç-–ü–µ—Ç–µ—Ä–±—É—Ä–≥ https://t.co/sqHrH0PlJ3;None
–ë–∞–Ω–∫–æ–≤ –ù–∏–∫–∏—Ç–∞;2016-07-27 11:47:38;—Å–∫–∞–∂–∏—Ç–µ —Ä–µ–∞–ª—å–Ω–æ –ø–æ—Å—Ç—É–ø–∏—Ç—å –≤ –ò–¢–ú–û (–°–∞–Ω–∫—Ç-–ü–µ—Ç–µ—Ä–±—É—Ä–≥) –Ω–∞ –±—é–¥–∂–µ—Ç?;None
–£–Ω–∏–≤–µ—Ä—Å–∏—Ç–µ—Ç –ò–¢–ú–û;2016-07-27 09:55:12;–ú—É–ª—å—Ç–∏–≤–∏—Ç–∞–º–∏–Ω—ã: –≤ —Ç–∞–±–ª–µ—Ç–∫–∞—Ö –∏–ª–∏ –≤ —Ç–∞—Ä–µ–ª–∫–∞—Ö? –í—Å—è –ø—Ä–∞–≤–¥–∞ –æ –ø–∏—â–µ–≤—ã—Ö –¥–æ–±–∞–≤–∫–∞—Ö¬†https://t.co/RXdwmUDO5H #–ò–¢–ú–û;None
Julia;2016-07-27 08:13:51;–í –ò–¢–ú–û –º–∏–ª–µ–Ω—å–∫–æ https://t.co/blCsbYX90V;None
CoinFox;2016-07-27 08:12:45;–ê–Ω–¥—Ä–µ–π –†—ã–±–∏–Ω: –º–∞–≥–∏—Å—Ç—Ä–∞–Ω—Ç—ã –ò–¢–ú–û –±—É–¥—É—Ç —Ä–∞–±–æ—Ç–∞—Ç—å —Å Ethereum https://t.co/v69qxtVEF7 https://t.co/Plj8To9fQm;None
VlaStaChu;2016-07-27 08:04:01;RT @karlicoss: &gt–†–∞–Ω—å—à–µ —É—á–∏–ª—Å—è –≤ –ò–¢–ú–û, –Ω–æ —Ä–∞–∑–æ—á–∞—Ä–æ–≤–∞–ª—Å—è –≤ —É–Ω–∏–≤–µ—Ä—Å–∏—Ç–µ—Ç–µ, –Ω–µ—Å–º–æ—Ç—Ä—è –Ω–∞ —Ç–æ, —á—Ç–æ –∫–æ–º–∞–Ω–¥–∞ –æ–¥–Ω–æ–π –∫–∞—Ñ–µ–¥—Ä—ã –≤—ã–∏–≥—Ä—ã–≤–∞–ª–∞ —á–µ–º–ø–∏–æ–Ω–∞—Ç—ã –ø–æ –ø‚Ä¶;None
Buhachu;2016-07-26 23:01:35;@tinytrack –Ω—É –º–æ–∏ –ª–∞–±—ã/–∫—É—Ä—Å–∞—á–∏ –≤ –∏—Ç–º–æ –≤ –ø–æ—Å–ª–µ–¥–Ω–∏–π –¥–µ–Ω—å, –±–≥–≥–≥;None
CoinFox;2016-07-26 22:35:14;–ê–Ω–¥—Ä–µ–π –†—ã–±–∏–Ω: –º–∞–≥–∏—Å—Ç—Ä–∞–Ω—Ç—ã –ò–¢–ú–û –±—É–¥—É—Ç —Ä–∞–±–æ—Ç–∞—Ç—å —Å Ethereum  https://t.co/hb94FdxRCY https://t.co/RQnbwSb6EG;None
–ë–∞—Ü–µ–∫–∞–ª–æ –¢—Ä–æ—Ñ–∏–º;2016-07-26 19:20:28;–°—Ç–æ–∏—Ç –ª–∏ –ø–æ—Å—Ç—É–ø–∞—Ç—å –≤ –°–ü–±–ì–£ –ò–¢–ú–û?;None
Alexey;2016-07-26 17:51:17;–ê–Ω–¥—Ä–µ–π –†—ã–±–∏–Ω: –º–∞–≥–∏—Å—Ç—Ä–∞–Ω—Ç—ã –ò–¢–ú–û –±—É–¥—É—Ç —Ä–∞–±–æ—Ç–∞—Ç—å —Å Ethereum #coinfox  https://t.co/YsPzgoICwO;None
–ù–ï! –ù–∏–∫–æ–Ω–æ–≤ ‚Ä† ;);2016-07-26 17:00:12;–£–Ω–∏–≤–µ—Ä—Å–∏—Ç–µ—Ç –ò–¢–ú–û –≤–æ—à–µ–ª –≤ –¥–µ—Å—è—Ç–∫—É –ª—É—á—à–∏—Ö –∏—Å—Å–ª–µ–¥–æ–≤–∞—Ç–µ–ª—å—Å–∫–∏—Ö –≤—É–∑–æ–≤ –†–æ—Å—Å–∏–∏;None
–ø—Ñ—Ñ;2016-07-26 15:28:55;&gt–†–∞–Ω—å—à–µ —É—á–∏–ª—Å—è –≤ –ò–¢–ú–û, –Ω–æ —Ä–∞–∑–æ—á–∞—Ä–æ–≤–∞–ª—Å—è –≤ —É–Ω–∏–≤–µ—Ä—Å–∏—Ç–µ—Ç–µ, –Ω–µ—Å–º–æ—Ç—Ä—è –Ω–∞ —Ç–æ, —á—Ç–æ –∫–æ–º–∞–Ω–¥–∞ –æ–¥–Ω–æ–π –∫–∞—Ñ–µ–¥—Ä—ã –≤—ã–∏–≥—Ä—ã–≤–∞–ª–∞ —á–µ–º–ø–∏–æ–Ω–∞—Ç—ã –ø–æ –ø—Ä–æ–≥—Ä–∞–º–º–∏—Ä–æ–≤–∞–Ω–∏—é;None
–¢–∞—Ä–∞—Å –ñ–µ–º–µ–ª–∞;2016-07-26 14:51:16;–ê–Ω–¥—Ä–µ–π –†—ã–±–∏–Ω: –º–∞–≥–∏—Å—Ç—Ä–∞–Ω—Ç—ã –ò–¢–ú–û –±—É–¥—É—Ç —Ä–∞–±–æ—Ç–∞—Ç—å —Å Ethereum #coinfox  https://t.co/RvaYpD5GXv;None
Jilltuck;2016-07-26 12:44:48;–ö–∞–∫ –ø—Ä–∏–∫–æ–ª—å–Ω–æ —Ö–æ–¥–∏—Ç—å –ø–æ –≥–æ—Ä–æ–¥—É –≤ –∏—Ç–º–æ—à–Ω–æ–π —Ñ—É—Ç–±–æ–ª–∫–µ. –í—Å–µ –¥—É–º–∞—é—Ç, —á—Ç–æ —Ç—ã –∏–∑ –∏—Ç–º–æ, –∞ —Ç—ã –Ω–µ—Ç;None
–í –ø–æ–∏—Å–∫–µ –æ—Ä–∏–µ–Ω—Ç–∏—Ä–æ–≤;2016-07-26 12:15:32;–£–Ω–∏–≤–µ—Ä—Å–∏—Ç–µ—Ç –ò–¢–ú–û –≤–æ—à–µ–ª –≤ –¥–µ—Å—è—Ç–∫—É –ª—É—á—à–∏—Ö –∏—Å—Å–ª–µ–¥–æ–≤–∞—Ç–µ–ª—å—Å–∫–∏—Ö –≤—É–∑–æ–≤ –†–æ—Å—Å–∏–∏;None
Fontankadom;2016-07-26 12:07:18;RT @spbifmo: –ö–∞–∫ —É–µ—Ö–∞—Ç—å –Ω–∞ —Å–µ–º–µ—Å—Ç—Ä –≤ –æ–¥–∏–Ω –∏–∑ –ª—É—á—à–∏—Ö –≤—É–∑–æ–≤ –ï–≤—Ä–æ–ø—ã –∏ –æ—Å—Ç–∞—Ç—å—Å—è —Ç–∞–º –Ω–∞ –¥–≤–∞ –≥–æ–¥–∞ https://t.co/3G2GkAP3cA #–ò–¢–ú–û;None
–£–Ω–∏–≤–µ—Ä—Å–∏—Ç–µ—Ç –ò–¢–ú–û;2016-07-26 12:03:17;–ö–∞–∫ —É–µ—Ö–∞—Ç—å –Ω–∞ —Å–µ–º–µ—Å—Ç—Ä –≤ –æ–¥–∏–Ω –∏–∑ –ª—É—á—à–∏—Ö –≤—É–∑–æ–≤ –ï–≤—Ä–æ–ø—ã –∏ –æ—Å—Ç–∞—Ç—å—Å—è —Ç–∞–º –Ω–∞ –¥–≤–∞ –≥–æ–¥–∞ https://t.co/3G2GkAP3cA #–ò–¢–ú–û;None
it-mobile;2016-07-26 11:44:03;–£–Ω–∏–≤–µ—Ä—Å–∏—Ç–µ—Ç –ò–¢–ú–û –≤–æ—à–µ–ª –≤ –¥–µ—Å—è—Ç–∫—É –ª—É—á—à–∏—Ö –∏—Å—Å–ª–µ–¥–æ–≤–∞—Ç–µ–ª—å—Å–∫–∏—Ö –≤—É–∑–æ–≤ –†–æ—Å—Å–∏–∏ https://t.co/9irwsGN7GQ;None
–î–º–∏—Ç—Ä–∏–π –ö—Ä—É–ø–µ–Ω–∏–Ω;2016-07-26 11:08:02;–£–Ω–∏–≤–µ—Ä—Å–∏—Ç–µ—Ç –ò–¢–ú–û –≤–æ—à–µ–ª –≤ –¥–µ—Å—è—Ç–∫—É –ª—É—á—à–∏—Ö –∏—Å—Å–ª–µ–¥–æ–≤–∞—Ç–µ–ª—å—Å–∫–∏—Ö –≤—É–∑–æ–≤ –†–æ—Å—Å–∏–∏ https://t.co/gEaUzNlBuc;None
–í—Å–µ–≤–æ–ª–æ–¥ –ò–≤–∫–∏–Ω;2016-07-26 11:06:36;–£–Ω–∏–≤–µ—Ä—Å–∏—Ç–µ—Ç –ò–¢–ú–û –≤–æ—à–µ–ª –≤ –¥–µ—Å—è—Ç–∫—É –ª—É—á—à–∏—Ö –∏—Å—Å–ª–µ–¥–æ–≤–∞—Ç–µ–ª—å—Å–∫–∏—Ö –≤—É–∑–æ–≤ –†–æ—Å—Å–∏–∏;None
–ê–ø–æ–ª–ª–æ–Ω –†–µ–¥—å–∫–∏–Ω;2016-07-26 11:06:35;–£–Ω–∏–≤–µ—Ä—Å–∏—Ç–µ—Ç –ò–¢–ú–û –≤–æ—à–µ–ª –≤ –¥–µ—Å—è—Ç–∫—É –ª—É—á—à–∏—Ö –∏—Å—Å–ª–µ–¥–æ–≤–∞—Ç–µ–ª—å—Å–∫–∏—Ö –≤—É–∑–æ–≤ –†–æ—Å—Å–∏–∏;None
–ê–Ω–¥—Ä–µ–π –õ—É–∫–∞—à–æ–Ω–æ–∫;2016-07-26 11:06:34;–£–Ω–∏–≤–µ—Ä—Å–∏—Ç–µ—Ç –ò–¢–ú–û –≤–æ—à–µ–ª –≤ –¥–µ—Å—è—Ç–∫—É –ª—É—á—à–∏—Ö –∏—Å—Å–ª–µ–¥–æ–≤–∞—Ç–µ–ª—å—Å–∫–∏—Ö –≤—É–∑–æ–≤ –†–æ—Å—Å–∏–∏;None
–ö–µ—Ä–∏–ª;2016-07-26 10:36:56;–í –ò–¢–ú–û —Å—Ç–æ—è—Ç 2 –∑–¥–æ—Ä–æ–≤–µ–Ω–Ω—ã—Ö –ø–æ–∫–µ–±–æ–ª–∞ (yo have a cancer b0ss) –∏ –≤—Å–µ —Å—Ç–µ–Ω—ã –≤ –¥–∂–µ–π–∫–µ –ø—Å–µ. –ï—Å–ª–∏ –ø–æ–π–¥—É –∑–∞–±–∏—Ä–∞—Ç—å –¥–æ–∫–∏ –¥–ª—è –°–∞—Ñ—É —Ç–æ —Å—Ñ–æ—Ç–∫–∞—é;None
–¢–µ—Ä–µ–Ω—Ç–∏–π –î–æ—Ä–æ—à–∞–µ–≤;2016-07-26 10:06:11;–£–Ω–∏–≤–µ—Ä—Å–∏—Ç–µ—Ç –ò–¢–ú–û –≤–æ—à–µ–ª –≤ –¥–µ—Å—è—Ç–∫—É –ª—É—á—à–∏—Ö –∏—Å—Å–ª–µ–¥–æ–≤–∞—Ç–µ–ª—å—Å–∫–∏—Ö –≤—É–∑–æ–≤ –†–æ—Å—Å–∏–∏;None
–£–Ω–∏–≤–µ—Ä—Å–∏—Ç–µ—Ç –ò–¢–ú–û;2016-07-26 09:47:25;–ö–∞–∫ –∏–∑—É—á–∏—Ç—å —Ç–æ–Ω–∫—É—é —Å—Ç—Ä—É–∫—Ç—É—Ä—É —Å–æ —Å–≤–µ—Ä—Ö–≤—ã—Å–æ–∫–∏–º —Ä–∞–∑—Ä–µ—à–µ–Ω–∏–µ–º¬†https://t.co/HY2HCaulQ4 #–ò–¢–ú–û;None
–ê–Ω–¥—Ä–µ–π –ö;2016-07-26 09:03:12;–£–Ω–∏–≤–µ—Ä—Å–∏—Ç–µ—Ç –ò–¢–ú–û –≤–æ—à–µ–ª –≤ –¥–µ—Å—è—Ç–∫—É –ª—É—á—à–∏—Ö –∏—Å—Å–ª–µ–¥–æ–≤–∞—Ç–µ–ª—å—Å–∫–∏—Ö –≤—É–∑–æ–≤ –†–æ—Å—Å–∏–∏;None
–ê–≤—Ä–æ—Ä–∞ –ö–æ—Ä–Ω–æ—É—Å–æ–≤–∞;2016-07-26 09:03:06;–£–Ω–∏–≤–µ—Ä—Å–∏—Ç–µ—Ç –ò–¢–ú–û –≤–æ—à–µ–ª –≤ –¥–µ—Å—è—Ç–∫—É –ª—É—á—à–∏—Ö –∏—Å—Å–ª–µ–¥–æ–≤–∞—Ç–µ–ª—å—Å–∫–∏—Ö –≤—É–∑–æ–≤ –†–æ—Å—Å–∏–∏;None
M@}{;2016-07-26 08:48:07;–ó–∞—Å–µ–ª–∏–ª—Å—è. (@ –°—Ç—É–¥–µ–Ω—á–µ—Å–∫–∏–π –≥–æ—Ä–æ–¥–æ–∫ –£–Ω–∏–≤–µ—Ä—Å–∏—Ç–µ—Ç–∞ –ò–¢–ú–û in –°–∞–Ω–∫—Ç-–ü–µ—Ç–µ—Ä–±—É—Ä–≥) https://t.co/tFDAerNVX9;None
Sasha Borsch;2016-07-26 08:09:53;–ü–æ–π–º–∞–π –≤—Å–µ—Ö –∏ –ø–µ—Ä–µ–≤–æ–¥–∏—Å—å –∏–∑ –ò–¢–ú–û. –°—Ç—É–¥–µ–Ω—Ç –∏–∑ –ü–µ—Ç–µ—Ä–±—É—Ä–≥–∞ —Å—Ç–∞–ª –ª—É—á—à–∏–º –æ—Ö–æ—Ç–Ω–∏–∫–æ–º –Ω–∞ –ø–æ–∫–µ–º–æ–Ω–æ–≤ –≤ –º–∏—Ä–µ https://t.co/a1OUgsalzb;None
M@}{;2016-07-26 07:28:25;–ò —Ç—É—Ç –ø–æ–∫–µ–º–æ–Ω—ã, –∞–∞–∞–∞. –û–Ω–∏ –ø–æ—Å—Ç–∞–≤–∏–ª–∏ –Ω–∞ –ø—Ä–æ—Ö–æ–¥–Ω–æ–π –ø–æ–∫–µ—Ç–±–æ–ª–ª—ã, –Ω—É –∏–ª–∏ –∫–∞–∫ –æ–Ω–∏ –Ω–∞–∑—ã–≤–∞—é—Ç—Å—è. –≠—Ç–æ —è –ø—Ä–æ –∏—Ç–º–æ.;None
–ù–∏–∫–æ–ª–∞–π –ú—É—à–∫–µ—Ç;2016-07-26 01:48:02;–£–Ω–∏–≤–µ—Ä—Å–∏—Ç–µ—Ç –ò–¢–ú–û –≤–æ—à–µ–ª –≤ –¥–µ—Å—è—Ç–∫—É –ª—É—á—à–∏—Ö –∏—Å—Å–ª–µ–¥–æ–≤–∞—Ç–µ–ª—å—Å–∫–∏—Ö –≤—É–∑–æ–≤ –†–æ—Å—Å–∏–∏ https://t.co/ICKCJjxxKF;None
–ù–ï! –ù–∏–∫–æ–Ω–æ–≤ ‚Ä† ;);2016-07-26 01:15:29;–£–Ω–∏–≤–µ—Ä—Å–∏—Ç–µ—Ç –ò–¢–ú–û –≤–æ—à–µ–ª –≤ –¥–µ—Å—è—Ç–∫—É –ª—É—á—à–∏—Ö –∏—Å—Å–ª–µ–¥–æ–≤–∞—Ç–µ–ª—å—Å–∫–∏—Ö –≤—É–∑–æ–≤ –†–æ—Å—Å–∏–∏;None
–ö–ª–∞–≤–∞ –•–∞—Ä–∏—Ç–æ–Ω—á—é–∫;2016-07-26 00:51:08;–£–Ω–∏–≤–µ—Ä—Å–∏—Ç–µ—Ç –ò–¢–ú–û –≤–æ—à–µ–ª –≤ –¥–µ—Å—è—Ç–∫—É –ª—É—á—à–∏—Ö –∏—Å—Å–ª–µ–¥–æ–≤–∞—Ç–µ–ª—å—Å–∫–∏—Ö –≤—É–∑–æ–≤ –†–æ—Å—Å–∏–∏;None
–ê–Ω—Ç–æ–Ω–∏–Ω–∞ –ö—Ä–µ–º–Ω–µ–≤–∞;2016-07-26 00:51:08;–£–Ω–∏–≤–µ—Ä—Å–∏—Ç–µ—Ç –ò–¢–ú–û –≤–æ—à–µ–ª –≤ –¥–µ—Å—è—Ç–∫—É –ª—É—á—à–∏—Ö –∏—Å—Å–ª–µ–¥–æ–≤–∞—Ç–µ–ª—å—Å–∫–∏—Ö –≤—É–∑–æ–≤ –†–æ—Å—Å–∏–∏;None
–ú–∏—Ä–æ–Ω –ò—Ä–∏–Ω–∏–Ω;2016-07-25 23:48:37;–£–Ω–∏–≤–µ—Ä—Å–∏—Ç–µ—Ç –ò–¢–ú–û –≤–æ—à–µ–ª –≤ –¥–µ—Å—è—Ç–∫—É –ª—É—á—à–∏—Ö –∏—Å—Å–ª–µ–¥–æ–≤–∞—Ç–µ–ª—å—Å–∫–∏—Ö –≤—É–∑–æ–≤ –†–æ—Å—Å–∏–∏;None
–ó–æ—è –ú–æ–Ω–∞—Å—Ç—ã—Ä—Å–∫–∞—è;2016-07-25 23:40:03;–£–Ω–∏–≤–µ—Ä—Å–∏—Ç–µ—Ç –ò–¢–ú–û –≤–æ—à–µ–ª –≤ –¥–µ—Å—è—Ç–∫—É –ª—É—á—à–∏—Ö –∏—Å—Å–ª–µ–¥–æ–≤–∞—Ç–µ–ª—å—Å–∫–∏—Ö –≤—É–∑–æ–≤ –†–æ—Å—Å–∏–∏ https://t.co/s0rIv7eSSY;None
–ú–∞—Ä–∏—á–∫–∞ –•–æ—Ä—Ç–µ–Ω–∫–æ;2016-07-25 22:47:08;–£–Ω–∏–≤–µ—Ä—Å–∏—Ç–µ—Ç –ò–¢–ú–û –≤–æ—à–µ–ª –≤ –¥–µ—Å—è—Ç–∫—É –ª—É—á—à–∏—Ö –∏—Å—Å–ª–µ–¥–æ–≤–∞—Ç–µ–ª—å—Å–∫–∏—Ö –≤—É–∑–æ–≤ –†–æ—Å—Å–∏–∏;None
–ë–∞—Ä–º–∏–Ω –ì–µ—Ä–º–∞–Ω;2016-07-25 22:41:27;—Ä–µ–∞–ª—å–Ω–æ –ª–∏ –ø–æ—Å—Ç—É–ø–∏—Ç—å –Ω–∞ –±—é–¥–∂–µ—Ç –≤ –ò–¢–ú–û;None
–ó–æ—è –ú–æ–Ω–∞—Å—Ç—ã—Ä—Å–∫–∞—è;2016-07-25 22:32:03;–£–Ω–∏–≤–µ—Ä—Å–∏—Ç–µ—Ç –ò–¢–ú–û –≤–æ—à–µ–ª –≤ –¥–µ—Å—è—Ç–∫—É –ª—É—á—à–∏—Ö –∏—Å—Å–ª–µ–¥–æ–≤–∞—Ç–µ–ª—å—Å–∫–∏—Ö –≤—É–∑–æ–≤ –†–æ—Å—Å–∏–∏ https://t.co/5dbJwL2sSr;None
–í–æ–ª–æ–¥—è –•–∞–π–∫–∏–Ω;2016-07-25 21:45:07;–£–Ω–∏–≤–µ—Ä—Å–∏—Ç–µ—Ç –ò–¢–ú–û –≤–æ—à–µ–ª –≤ –¥–µ—Å—è—Ç–∫—É –ª—É—á—à–∏—Ö –∏—Å—Å–ª–µ–¥–æ–≤–∞—Ç–µ–ª—å—Å–∫–∏—Ö –≤—É–∑–æ–≤ –†–æ—Å—Å–∏–∏;None
–Æ–ª–∏—è –ê–∫—É–ª–∏—á;2016-07-25 20:42:08;–£–Ω–∏–≤–µ—Ä—Å–∏—Ç–µ—Ç –ò–¢–ú–û –≤–æ—à–µ–ª –≤ –¥–µ—Å—è—Ç–∫—É –ª—É—á—à–∏—Ö –∏—Å—Å–ª–µ–¥–æ–≤–∞—Ç–µ–ª—å—Å–∫–∏—Ö –≤—É–∑–æ–≤ –†–æ—Å—Å–∏–∏;None
–í –ü–µ—Ç—Ä–æ–≤–∏—á;2016-07-25 20:42:07;–£–Ω–∏–≤–µ—Ä—Å–∏—Ç–µ—Ç –ò–¢–ú–û –≤–æ—à–µ–ª –≤ –¥–µ—Å—è—Ç–∫—É –ª—É—á—à–∏—Ö –∏—Å—Å–ª–µ–¥–æ–≤–∞—Ç–µ–ª—å—Å–∫–∏—Ö –≤—É–∑–æ–≤ –†–æ—Å—Å–∏–∏;None
–î–µ–Ω–∏—Å –®—É—Ä—à–∞;2016-07-25 19:55:14;–£–Ω–∏–≤–µ—Ä—Å–∏—Ç–µ—Ç –ò–¢–ú–û –≤–æ—à–µ–ª –≤ –¥–µ—Å—è—Ç–∫—É –ª—É—á—à–∏—Ö –∏—Å—Å–ª–µ–¥–æ–≤–∞—Ç–µ–ª—å—Å–∫–∏—Ö –≤—É–∑–æ–≤ –†–æ—Å—Å–∏–∏ #–õ–∞–π–∫;None
–ò—Å–∞–∫ –ß–∞–π–∫–∏–Ω;2016-07-25 19:39:36;–£–Ω–∏–≤–µ—Ä—Å–∏—Ç–µ—Ç –ò–¢–ú–û –≤–æ—à–µ–ª –≤ –¥–µ—Å—è—Ç–∫—É –ª—É—á—à–∏—Ö –∏—Å—Å–ª–µ–¥–æ–≤–∞—Ç–µ–ª—å—Å–∫–∏—Ö –≤—É–∑–æ–≤ –†–æ—Å—Å–∏–∏;None
–ú–∞—Ç–≤–µ–π –ü–µ—Å—Ç–æ–≤;2016-07-25 19:39:35;–£–Ω–∏–≤–µ—Ä—Å–∏—Ç–µ—Ç –ò–¢–ú–û –≤–æ—à–µ–ª –≤ –¥–µ—Å—è—Ç–∫—É –ª—É—á—à–∏—Ö –∏—Å—Å–ª–µ–¥–æ–≤–∞—Ç–µ–ª—å—Å–∫–∏—Ö –≤—É–∑–æ–≤ –†–æ—Å—Å–∏–∏;None
–†–æ—Å—Ç–∏—Å–ª–∞–≤ –õ–∞–≥–æ–¥–∏–Ω;2016-07-25 19:39:34;–£–Ω–∏–≤–µ—Ä—Å–∏—Ç–µ—Ç –ò–¢–ú–û –≤–æ—à–µ–ª –≤ –¥–µ—Å—è—Ç–∫—É –ª—É—á—à–∏—Ö –∏—Å—Å–ª–µ–¥–æ–≤–∞—Ç–µ–ª—å—Å–∫–∏—Ö –≤—É–∑–æ–≤ –†–æ—Å—Å–∏–∏;None
–ò–≥–Ω–∞—Ç–∏–π –ö–æ—Å—Ç–∏–Ω;2016-07-25 19:39:33;–£–Ω–∏–≤–µ—Ä—Å–∏—Ç–µ—Ç –ò–¢–ú–û –≤–æ—à–µ–ª –≤ –¥–µ—Å—è—Ç–∫—É –ª—É—á—à–∏—Ö –∏—Å—Å–ª–µ–¥–æ–≤–∞—Ç–µ–ª—å—Å–∫–∏—Ö –≤—É–∑–æ–≤ –†–æ—Å—Å–∏–∏;None
–ó–∏–Ω–æ–≤–∏–π –û–Ω–æ—à–∫–∏–Ω;2016-07-25 19:19:54;–£–Ω–∏–≤–µ—Ä—Å–∏—Ç–µ—Ç –ò–¢–ú–û –≤–æ—à–µ–ª –≤ –¥–µ—Å—è—Ç–∫—É –ª—É—á—à–∏—Ö –∏—Å—Å–ª–µ–¥–æ–≤–∞—Ç–µ–ª—å—Å–∫–∏—Ö –≤—É–∑–æ–≤ –†–æ—Å—Å–∏–∏;None
it-mobile;2016-07-25 19:12:02;–£–Ω–∏–≤–µ—Ä—Å–∏—Ç–µ—Ç –ò–¢–ú–û –≤–æ—à–µ–ª –≤ –¥–µ—Å—è—Ç–∫—É –ª—É—á—à–∏—Ö –∏—Å—Å–ª–µ–¥–æ–≤–∞—Ç–µ–ª—å—Å–∫–∏—Ö –≤—É–∑–æ–≤ –†–æ—Å—Å–∏–∏ https://t.co/cBFtpfXPBX;None
–§–æ–º–∞ –¢—É—Ä–æ–±–µ–µ–≤;2016-07-25 18:38:07;–£–Ω–∏–≤–µ—Ä—Å–∏—Ç–µ—Ç –ò–¢–ú–û –≤–æ—à–µ–ª –≤ –¥–µ—Å—è—Ç–∫—É –ª—É—á—à–∏—Ö –∏—Å—Å–ª–µ–¥–æ–≤–∞—Ç–µ–ª—å—Å–∫–∏—Ö –≤—É–∑–æ–≤ –†–æ—Å—Å–∏–∏: –ö–∞–∫ –æ—Ç–º–µ—á–∞—é—Ç —ç–∫—Å–ø–µ—Ä—Ç—ã, –∑–∞–º–µ—Ç–Ω–æ –∞–∫—Ç–∏–≤–∏–∑–∏—Ä–æ–≤–∞–ª–∏—Å—å –≤¬†–ø–ª–∞–Ω–µ‚Ä¶;None
–ò—Ä–∞–∏–¥–∞;2016-07-25 18:17:19;RT @peterburgkrasiv: –£–Ω–∏–≤–µ—Ä—Å–∏—Ç–µ—Ç –ò–¢–ú–û –ø—Ä–∏–≥–ª–∞—à–∞–µ—Ç –∞–±–∏—Ç—É—Ä–∏–µ–Ω—Ç–æ–≤ –Ω–∞ –º–∞–≥–∏—Å—Ç–µ—Ä—Å–∫—É—é –ø—Ä–æ–≥—Ä–∞–º–º—É –ø–æ —É—Ä–±–∞–Ω–∏—Å—Ç–∏–∫–µ. /  / –î–æ 15 –∞–≤–≥—É—Å—Ç–∞ –º–∞–≥–∏—Å—Ç—Ä–∞—Ç—É—Ä.. ht‚Ä¶;None
–°–∫—Ä–∏–ø–∞—á –ù–µ–Ω—É–∂–∏–Ω;2016-07-25 18:14:41;–£–Ω–∏–≤–µ—Ä—Å–∏—Ç–µ—Ç –ò–¢–ú–û –≤–æ—à–µ–ª –≤ –¥–µ—Å—è—Ç–∫—É –ª—É—á—à–∏—Ö –∏—Å—Å–ª–µ–¥–æ–≤–∞—Ç–µ–ª—å—Å–∫–∏—Ö –≤—É–∑–æ–≤ –†–æ—Å—Å–∏–∏ https://t.co/cuyqOoPnTw https://t.co/ROKF2winIN;None
–¢—Ä–∏—Ñ–æ–Ω –ü–∞—Ö–∞—Ä–µ–≤;2016-07-25 17:48:03;–£–Ω–∏–≤–µ—Ä—Å–∏—Ç–µ—Ç –ò–¢–ú–û –≤–æ—à–µ–ª –≤ –¥–µ—Å—è—Ç–∫—É –ª—É—á—à–∏—Ö –∏—Å—Å–ª–µ–¥–æ–≤–∞—Ç–µ–ª—å—Å–∫–∏—Ö –≤—É–∑–æ–≤ –†–æ—Å—Å–∏–∏ https://t.co/tahBK2fgx4;None
–ö—Ä–∞—Å–∏–≤—ã–π –ü–µ—Ç–µ—Ä–±—É—Ä–≥;2016-07-25 17:46:52;–£–Ω–∏–≤–µ—Ä—Å–∏—Ç–µ—Ç –ò–¢–ú–û –ø—Ä–∏–≥–ª–∞—à–∞–µ—Ç –∞–±–∏—Ç—É—Ä–∏–µ–Ω—Ç–æ–≤ –Ω–∞ –º–∞–≥–∏—Å—Ç–µ—Ä—Å–∫—É—é –ø—Ä–æ–≥—Ä–∞–º–º—É –ø–æ —É—Ä–±–∞–Ω–∏—Å—Ç–∏–∫–µ. /  / –î–æ 15 –∞–≤–≥—É—Å—Ç–∞ –º–∞–≥–∏—Å—Ç—Ä–∞—Ç—É—Ä.. https://t.co/cGk5U9hel6;None
–¢–∞—Ç—å—è–Ω–∞;2016-07-25 17:39:37;–£–Ω–∏–≤–µ—Ä—Å–∏—Ç–µ—Ç –ò–¢–ú–û –≤–æ—à–µ–ª –≤ –¥–µ—Å—è—Ç–∫—É –ª—É—á—à–∏—Ö –∏—Å—Å–ª–µ–¥–æ–≤–∞—Ç–µ–ª—å—Å–∫–∏—Ö –≤—É–∑–æ–≤ –†–æ—Å—Å–∏–∏;None
–Æ–ª–∏—è –ï–ø–∏—Ñ–∞–Ω–æ–≤–∞;2016-07-25 17:36:37;–£–Ω–∏–≤–µ—Ä—Å–∏—Ç–µ—Ç –ò–¢–ú–û –≤–æ—à–µ–ª –≤ –¥–µ—Å—è—Ç–∫—É –ª—É—á—à–∏—Ö –∏—Å—Å–ª–µ–¥–æ–≤–∞—Ç–µ–ª—å—Å–∫–∏—Ö –≤—É–∑–æ–≤ –†–æ—Å—Å–∏–∏;None
–ö–æ–ª—è –§–µ—Ä–º–æ–≤;2016-07-25 17:36:34;–£–Ω–∏–≤–µ—Ä—Å–∏—Ç–µ—Ç –ò–¢–ú–û –≤–æ—à–µ–ª –≤ –¥–µ—Å—è—Ç–∫—É –ª—É—á—à–∏—Ö –∏—Å—Å–ª–µ–¥–æ–≤–∞—Ç–µ–ª—å—Å–∫–∏—Ö –≤—É–∑–æ–≤ –†–æ—Å—Å–∏–∏;None
–Ø–Ω –ê—Ä–º–µ–Ω—á—É;2016-07-25 17:34:23;–ö–∞–∫ –ø–æ—Å—Ç—É–ø–∏—Ç—å –≤ –ò–¢–ú–û (–°–∞–Ω–∫—Ç-–ü–µ—Ç–µ—Ä–±—É—Ä–≥)?;None
–í –ø–æ–∏—Å–∫–µ –æ—Ä–∏–µ–Ω—Ç–∏—Ä–æ–≤;2016-07-25 17:30:17;–£–Ω–∏–≤–µ—Ä—Å–∏—Ç–µ—Ç –ò–¢–ú–û –≤–æ—à–µ–ª –≤ –¥–µ—Å—è—Ç–∫—É –ª—É—á—à–∏—Ö –∏—Å—Å–ª–µ–¥–æ–≤–∞—Ç–µ–ª—å—Å–∫–∏—Ö –≤—É–∑–æ–≤ –†–æ—Å—Å–∏–∏;None
–ê–Ω—Ç–æ–Ω –ê–Ω–¥—Ä—É—Å—è–Ω;2016-07-25 17:29:47;–°—Ç–æ–∏—Ç –ª–∏ –ø–æ—Å—Ç—É–ø–∞—Ç—å –≤ –°–ü–±–ì–£ –ò–¢–ú–û?;None
Terensava;2016-07-25 17:10:48;–£–Ω–∏–≤–µ—Ä—Å–∏—Ç–µ—Ç –ò–¢–ú–û –≤–æ—à–µ–ª –≤ –¥–µ—Å—è—Ç–∫—É –ª—É—á—à–∏—Ö –∏—Å—Å–ª–µ–¥–æ–≤–∞—Ç–µ–ª—å—Å–∫–∏—Ö –≤—É–∑–æ–≤ –†–æ—Å—Å–∏–∏ #GO;None
–ö–∏—Ä–∞ –°–º–∏—Ä–Ω–æ–≤–∞;2016-07-25 17:10:19;#973 –£–Ω–∏–≤–µ—Ä—Å–∏—Ç–µ—Ç –ò–¢–ú–û –≤–æ—à–µ–ª –≤ –¥–µ—Å—è—Ç–∫—É –ª—É—á—à–∏—Ö –∏—Å—Å–ª–µ–¥–æ–≤–∞—Ç–µ–ª—å—Å–∫–∏—Ö –≤—É–∑–æ–≤ –†–æ—Å—Å–∏–∏ #lv;None
Aleksa Kuz;2016-07-25 17:08:10;–£–Ω–∏–≤–µ—Ä—Å–∏—Ç–µ—Ç –ò–¢–ú–û –≤–æ—à–µ–ª –≤ –¥–µ—Å—è—Ç–∫—É –ª—É—á—à–∏—Ö –∏—Å—Å–ª–µ–¥–æ–≤–∞—Ç–µ–ª—å—Å–∫–∏—Ö –≤—É–∑–æ–≤ –†–æ—Å—Å–∏–∏ #ukam;None
Juli Feda;2016-07-25 17:05:13;–£–Ω–∏–≤–µ—Ä—Å–∏—Ç–µ—Ç –ò–¢–ú–û –≤–æ—à–µ–ª –≤ –¥–µ—Å—è—Ç–∫—É –ª—É—á—à–∏—Ö –∏—Å—Å–ª–µ–¥–æ–≤–∞—Ç–µ–ª—å—Å–∫–∏—Ö –≤—É–∑–æ–≤ –†–æ—Å—Å–∏–∏ #se;None
Shalunov Fedia;2016-07-25 17:01:38;–£–Ω–∏–≤–µ—Ä—Å–∏—Ç–µ—Ç –ò–¢–ú–û –≤–æ—à–µ–ª –≤ –¥–µ—Å—è—Ç–∫—É –ª—É—á—à–∏—Ö –∏—Å—Å–ª–µ–¥–æ–≤–∞—Ç–µ–ª—å—Å–∫–∏—Ö –≤—É–∑–æ–≤ –†–æ—Å—Å–∏–∏: –ö–∞–∫ –æ—Ç–º–µ—á–∞—é—Ç —ç–∫—Å–ø–µ—Ä—Ç—ã, –∑–∞–º–µ—Ç–Ω–æ‚Ä¶ https://t.co/UuAv2eA9mo;None
Outhediter;2016-07-25 17:01:00;#38 –£–Ω–∏–≤–µ—Ä—Å–∏—Ç–µ—Ç –ò–¢–ú–û –≤–æ—à–µ–ª –≤ –¥–µ—Å—è—Ç–∫—É –ª—É—á—à–∏—Ö –∏—Å—Å–ª–µ–¥–æ–≤–∞—Ç–µ–ª—å—Å–∫–∏—Ö –≤—É–∑–æ–≤ –†–æ—Å—Å–∏–∏ #ker;None
Hediesin;2016-07-25 17:00:26;#84 –£–Ω–∏–≤–µ—Ä—Å–∏—Ç–µ—Ç –ò–¢–ú–û –≤–æ—à–µ–ª –≤ –¥–µ—Å—è—Ç–∫—É –ª—É—á—à–∏—Ö –∏—Å—Å–ª–µ–¥–æ–≤–∞—Ç–µ–ª—å—Å–∫–∏—Ö –≤—É–∑–æ–≤ –†–æ—Å—Å–∏–∏ #ke;None
Macfenit;2016-07-25 16:57:14;#96 –£–Ω–∏–≤–µ—Ä—Å–∏—Ç–µ—Ç –ò–¢–ú–û –≤–æ—à–µ–ª –≤ –¥–µ—Å—è—Ç–∫—É –ª—É—á—à–∏—Ö –∏—Å—Å–ª–µ–¥–æ–≤–∞—Ç–µ–ª—å—Å–∫–∏—Ö –≤—É–∑–æ–≤ –†–æ—Å—Å–∏–∏ #ke;None
Lost Found;2016-07-25 16:55:51;#nau –£–Ω–∏–≤–µ—Ä—Å–∏—Ç–µ—Ç –ò–¢–ú–û –≤–æ—à–µ–ª –≤ –¥–µ—Å—è—Ç–∫—É –ª—É—á—à–∏—Ö –∏—Å—Å–ª–µ–¥–æ–≤–∞—Ç–µ–ª—å—Å–∫–∏—Ö –≤—É–∑–æ–≤ –†–æ—Å—Å–∏–∏;None
Meufos;2016-07-25 16:54:55;#56 –£–Ω–∏–≤–µ—Ä—Å–∏—Ç–µ—Ç –ò–¢–ú–û –≤–æ—à–µ–ª –≤ –¥–µ—Å—è—Ç–∫—É –ª—É—á—à–∏—Ö –∏—Å—Å–ª–µ–¥–æ–≤–∞—Ç–µ–ª—å—Å–∫–∏—Ö –≤—É–∑–æ–≤ –†–æ—Å—Å–∏–∏ #EG;None
Brian Sweeney;2016-07-25 16:54:33;–£–Ω–∏–≤–µ—Ä—Å–∏—Ç–µ—Ç –ò–¢–ú–û –≤–æ—à–µ–ª –≤ –¥–µ—Å—è—Ç–∫—É –ª—É—á—à–∏—Ö –∏—Å—Å–ª–µ–¥–æ–≤–∞—Ç–µ–ª—å—Å–∫–∏—Ö –≤—É–∑–æ–≤ –†–æ—Å—Å–∏–∏;None
Kardinava;2016-07-25 16:54:25;#no –£–Ω–∏–≤–µ—Ä—Å–∏—Ç–µ—Ç –ò–¢–ú–û –≤–æ—à–µ–ª –≤ –¥–µ—Å—è—Ç–∫—É –ª—É—á—à–∏—Ö –∏—Å—Å–ª–µ–¥–æ–≤–∞—Ç–µ–ª—å—Å–∫–∏—Ö –≤—É–∑–æ–≤ –†–æ—Å—Å–∏–∏;None
berezkalife;2016-07-25 16:06:12;–í –ü–µ—Ç–µ—Ä–±—É—Ä–≥–µ –∑–∞ –≤—ã–±–æ—Ä–∞–º–∏ –ø—Ä–æ—Å–ª–µ–¥–∏—Ç —Ä–µ–∫—Ç–æ—Ä –ò–¢–ú–û - –í–ª–∞—Å—Ç—å - –ù–æ–≤–æ—Å—Ç–∏ –°–∞–Ω–∫—Ç-–ü–µ—Ç–µ—Ä–±—É—Ä–≥–∞ - –§–æ–Ω—Ç–∞–Ω–∫–∞.–†—É https://t.co/jU8nv5Fq9d —á–µ—Ä–µ–∑ @Fontanka_spb;None
–§–æ–Ω—Ç–∞–Ω–∫–∞. –ù–æ–≤–æ—Å—Ç–∏;2016-07-25 16:00:20;–í –ü–µ—Ç–µ—Ä–±—É—Ä–≥–µ –∑–∞ –≤—ã–±–æ—Ä–∞–º–∏ –ø—Ä–æ—Å–ª–µ–¥–∏—Ç —Ä–µ–∫—Ç–æ—Ä –ò–¢–ú–û https://t.co/ljih7eWU4c;None
–û–±—Ä–∞–∑–æ–≤–∞–Ω–∏–µ –ö–∞–ª–º—ã–∫–∏–∏;2016-07-25 14:19:40;RT @openeduRU: –ö—É—Ä—Å—ã –£–Ω–∏–≤–µ—Ä—Å–∏—Ç–µ—Ç–∞ –ò–¢–ú–û @spbifmo –Ω–∞ –ù–∞—Ü–∏–æ–Ω–∞–ª—å–Ω–æ–π –ø–ª–∞—Ç—Ñ–æ—Ä–º–µ: https://t.co/AzxCxXBa3b. https://t.co/1wm7qeAeQ2;None
–£–Ω–∏–≤–µ—Ä—Å–∏—Ç–µ—Ç –ò–¢–ú–û;2016-07-25 13:56:40;#–ò–¢–ú–û –≤–æ—à–µ–ª –≤ –¥–µ—Å—è—Ç–∫—É –ª—É—á—à–∏—Ö –∏—Å—Å–ª–µ–¥–æ–≤–∞—Ç–µ–ª—å—Å–∫–∏—Ö –≤—É–∑–æ–≤ –†–æ—Å—Å–∏–∏ https://t.co/wGlNn0aGYI;None
AL√ñNA;2016-07-25 11:28:55;–ù–µ—Ç, –ò–¢–ú–û, –æ—Ä–∏–≥–∏–Ω–∞–ª—ã —è –≤–∞–º –Ω–µ –ø—Ä–∏–Ω–µ—Å—É https://t.co/accPMwrbqA;None
–£–Ω–∏–≤–µ—Ä—Å–∏—Ç–µ—Ç –ò–¢–ú–û;2016-07-25 11:04:22;#–ò–¢–ú–û –∏ "–õ–µ–∫—Ç–æ—Ä–∏—É–º" –æ—Ç–∫—Ä—ã–ª–∏ —Ä–µ–≥–∏—Å—Ç—Ä–∞—Ü–∏—é –Ω–∞ –ø–µ—Ä–≤—ã–π –≤ –†–æ—Å—Å–∏–∏ –æ–Ω–ª–∞–π–Ω-–∫—É—Ä—Å –ø–æ –Ω–∞—É—á–Ω–æ–π –∫–æ–º–º—É–Ω–∏–∫–∞—Ü–∏–∏ https://t.co/cWFItnYEvP;None
pr;2016-07-25 10:17:35;–ü–æ –∏–¥–µ–µ —è –ø—Ä–æ—Ö–æ–∂—É –≤–æ –≤—Å–µ —É–Ω–∏–∫–∏ –∫—É–¥–∞ –ø–æ–¥–∞–ª–∞ –∑–∞—è–≤–ª–µ–Ω–∏—è –≤ –∏—Ç–º–æ —Ç–æ–ª—å–∫–æ –Ω–∞–¥–æ –ø—Ä–∏–æ—Ä–∏—Ç–µ—Ç –ø–æ–º–µ–Ω—è—Ç—å;None
–ù–∞—É–º –í–µ–ª—å—Ö–æ–≤–æ–π;2016-07-25 09:57:45;—Å–∫–∞–∂–∏—Ç–µ —Ä–µ–∞–ª—å–Ω–æ –ø–æ—Å—Ç—É–ø–∏—Ç—å –≤ –ò–¢–ú–û (–°–∞–Ω–∫—Ç-–ü–µ—Ç–µ—Ä–±—É—Ä–≥) –Ω–∞ –±—é–¥–∂–µ—Ç?;None
MINERALOCHKA;2016-07-25 09:44:05;–ü–µ—Ä–µ–ø–∏—Å–∞–ª —Å–æ–≥–ª–∞—Å–∏–µ –Ω–∞ –∑–∞—á–∏—Å–ª–µ–Ω–∏–µ –≤ –ò–¢–ú–û –Ω–∞ –≤—Ç–æ—Ä–æ–π –ø—Ä–∏–æ—Ä–∏—Ç–µ—Ç, —ç—Ö;None
–£–Ω–∏–≤–µ—Ä—Å–∏—Ç–µ—Ç –ò–¢–ú–û;2016-07-25 09:17:00;–í —Ü–µ–Ω—Ç—Ä–µ –¥–ª—è –æ–¥–∞—Ä–µ–Ω–Ω—ã—Ö –¥–µ—Ç–µ–π ¬´–°–∏—Ä–∏—É—Å¬ª –∑–∞–≤–µ—Ä—à–∏–ª–∞—Å—å –ø–µ—Ä–≤–∞—è –ø—Ä–æ–µ–∫—Ç–Ω–∞—è —Å–º–µ–Ω–∞. –†–µ–ø–æ—Ä—Ç–∞–∂ #–ò–¢–ú–û —Å –º–µ—Å—Ç–∞ —Å–æ–±—ã—Ç–∏–π:¬†https://t.co/KonmaBIEg7;None
–ò–°–£ –ò–¢–ú–û;2016-07-25 08:11:32;–î–æ–±—Ä–æ–µ —É—Ç—Ä–æ, #–ò–¢–ú–û!;None
Shigemi Meron;2016-07-24 12:55:50;QS BRICS: –£–Ω–∏–≤–µ—Ä—Å–∏—Ç–µ—Ç –ò–¢–ú–û —Å—Ç–∞–Ω–æ–≤–∏—Ç—Å—è –±–æ–ª–µ–µ –º–µ–∂–¥—É–Ω–∞—Ä–æ–¥–Ω—ã–º;None
Yan Zh;2016-07-24 10:46:59;@nekosch –≤ –ò–¢–ú–û —Ç–æ–∂–µ –Ω–µ –±—ã–ª–æ –∑–≤–æ–Ω–∫–æ–≤.;None
–ú–∞—Ç–≤–µ–π –°—ã—Ç–Ω–∏–∫–æ–≤;2016-07-24 10:35:06;—Å–∫–∞–∂–∏—Ç–µ —Ä–µ–∞–ª—å–Ω–æ –ø–æ—Å—Ç—É–ø–∏—Ç—å –≤ –ò–¢–ú–û (–°–∞–Ω–∫—Ç-–ü–µ—Ç–µ—Ä–±—É—Ä–≥) –Ω–∞ –±—é–¥–∂–µ—Ç?;None
–ö–∞–º–µ–Ω–µ–≤ –°–∞–≤–µ–ª–∏–π;2016-07-24 10:14:59;–µ—Å–ª–∏ –∫—Ç–æ –≤ –ò–¢–ú–û –ø–æ—Å—Ç—É–ø–∞–ª –ø–æ –æ–ª–∏–º–ø–∏–∞–¥–∞–º —Ä–∞—Å—Å–∫–∞–∂–∏—Ç–µ —Ä–µ–∞–ª—å–Ω–æ —Å–¥–∞—Ç—å –∏–ª–∏—Ç –±–µ–∑ –º–∞–∑—ã —Ç—è–≥–∞—Ç—å—Å—è?;None
l200kievua;2016-07-24 09:34:00;QS BRICS: –£–Ω–∏–≤–µ—Ä—Å–∏—Ç–µ—Ç –ò–¢–ú–û —Å—Ç–∞–Ω–æ–≤–∏—Ç—Å—è –±–æ–ª–µ–µ –º–µ–∂–¥—É–Ω–∞—Ä–æ–¥–Ω—ã–º   https://t.co/2z7EV2C9T9;None
STRF;2016-07-24 09:27:01;QS BRICS: –£–Ω–∏–≤–µ—Ä—Å–∏—Ç–µ—Ç –ò–¢–ú–û —Å—Ç–∞–Ω–æ–≤–∏—Ç—Å—è –±–æ–ª–µ–µ –º–µ–∂–¥—É–Ω–∞—Ä–æ–¥–Ω—ã–º:  https://t.co/iBa717WdZ0;None
#–ò–Ω–Ω–æ–≤–∞—Ü–∏–∏;2016-07-24 09:21:04;QS BRICS: –£–Ω–∏–≤–µ—Ä—Å–∏—Ç–µ—Ç –ò–¢–ú–û —Å—Ç–∞–Ω–æ–≤–∏—Ç—Å—è –±–æ–ª–µ–µ –º–µ–∂–¥—É–Ω–∞—Ä–æ–¥–Ω—ã–º:  https://t.co/ORsas74r0p;None
–ú–¶–î–û;2016-07-24 09:17:37;RT @openeduRU: –ö—É—Ä—Å—ã –£–Ω–∏–≤–µ—Ä—Å–∏—Ç–µ—Ç–∞ –ò–¢–ú–û @spbifmo –Ω–∞ –ù–∞—Ü–∏–æ–Ω–∞–ª—å–Ω–æ–π –ø–ª–∞—Ç—Ñ–æ—Ä–º–µ: https://t.co/AzxCxXBa3b. https://t.co/1wm7qeAeQ2;None
–ê—Ä–∫–∞–¥–∏–π –ß–µ–ø–∞—Ä–æ–≤;2016-07-24 09:05:41;–ï—Å—Ç—å –∫—Ç–æ-–Ω–∏–±—É–¥—å –∫—Ç–æ —É—á–∏–ª—Å—è –≤ –ò–¢–ú–û –∏–ª–∏ —É—á–∏—Ç—Å—è —Ç–∞–º?;None
–ú—Ö–∏—Ç–∞—Ä–æ–≤ –ê–ª–µ–∫—Å–µ–π;2016-07-24 08:36:04;–ï—Å—Ç—å –∫—Ç–æ-–Ω–∏–±—É–¥—å –∫—Ç–æ —É—á–∏–ª—Å—è –≤ –ò–¢–ú–û –∏–ª–∏ —É—á–∏—Ç—Å—è —Ç–∞–º?;None
–ë–∞—Ä–∞–º–∏—è –ú–∞—Ä–∫;2016-07-24 07:14:43;–ï—Å—Ç—å –∫—Ç–æ-–Ω–∏–±—É–¥—å –∫—Ç–æ —É—á–∏–ª—Å—è –≤ –ò–¢–ú–û –∏–ª–∏ —É—á–∏—Ç—Å—è —Ç–∞–º?;None
–ê–ª–µ–∫—Å–µ–π –ê—Ä—Å–µ–Ω–∏–Ω;2016-07-23 20:00:04;RT @spbifmo: –ò–∑–≤–µ—Å—Ç–Ω—ã–π –ø–∞—Ç–µ–Ω—Ç–Ω—ã–π —Ç—Ä–æ–ª–ª—å - –î–∂–µ—Ä–æ–º –õ–µ–º–µ–ª—å—Å–æ–Ω. 700 –∫—Ä—É–ø–Ω–µ–π—à–∏—Ö –∫–æ–º–ø–∞–Ω–∏–π –∫—É–ø–∏–ª–∏ —É –Ω–µ–≥–æ –ø—Ä–∞–≤–æ –Ω–∞ –∏—Å–ø–æ–ª—å–∑–æ–≤–∞–Ω–∏–µ –µ–≥–æ –ø–∞—Ç–µ–Ω—Ç–æ–≤ #–ò–¢–ú–û;None
–£–Ω–∏–≤–µ—Ä—Å–∏—Ç–µ—Ç –ò–¢–ú–û;2016-07-23 15:52:01;–ò–∑–≤–µ—Å—Ç–Ω—ã–π –ø–∞—Ç–µ–Ω—Ç–Ω—ã–π —Ç—Ä–æ–ª–ª—å - –î–∂–µ—Ä–æ–º –õ–µ–º–µ–ª—å—Å–æ–Ω. 700 –∫—Ä—É–ø–Ω–µ–π—à–∏—Ö –∫–æ–º–ø–∞–Ω–∏–π –∫—É–ø–∏–ª–∏ —É –Ω–µ–≥–æ –ø—Ä–∞–≤–æ –Ω–∞ –∏—Å–ø–æ–ª—å–∑–æ–≤–∞–Ω–∏–µ –µ–≥–æ –ø–∞—Ç–µ–Ω—Ç–æ–≤ #–ò–¢–ú–û;None
–£–Ω–∏–≤–µ—Ä—Å–∏—Ç–µ—Ç –ò–¢–ú–û;2016-07-23 15:51:36;–ö—Ç–æ —Ç–∞–∫–∏–µ –ø–∞—Ç–µ–Ω—Ç–Ω—ã–µ —Ç—Ä–æ–ª–ª–∏? –õ–∏—Ü–∞, –∫–æ—Ç–æ—Ä—ã–µ –∏–º–µ—é—Ç –∏–Ω—Ç–µ–ª–ª–µ–∫—Ç—É–∞–ª—å–Ω—É—é —Å–æ–±—Å—Ç–≤–µ–Ω–Ω–æ—Å—Ç—å, –Ω–æ –Ω–µ —Ä–µ–∞–ª–∏–∑—É—é—Ç –µ–µ –≤ –∫–∞—á–µ—Å—Ç–≤–µ —Ä–∞–∑—Ä–∞–±–æ—Ç–æ–∫ #–ò–¢–ú–û;None
–£–Ω–∏–≤–µ—Ä—Å–∏—Ç–µ—Ç –ò–¢–ú–û;2016-07-23 15:51:16;–ß–µ–º –ª—É—á—à–µ –≤—ã —É–º–µ–µ—Ç–µ –∏—Å–ø–æ–ª—å–∑–æ–≤–∞—Ç—å –∏–Ω—Ñ–æ—Ä–º–∞—Ü–∏—é, —Ç–µ–º –±–æ–ª—å—à–µ —É –≤–∞—Å —à–∞–Ω—Å–æ–≤ –±—ã—Ç—å —Å–∏–ª—å–Ω–µ–µ –∫–æ–Ω–∫—É—Ä–µ–Ω—Ç–æ–≤ #–ò–¢–ú–û;None
–£–Ω–∏–≤–µ—Ä—Å–∏—Ç–µ—Ç –ò–¢–ú–û;2016-07-23 15:50:32;–†–µ–∞–ª—å–Ω–æ –ª–∏ —É–ø—Ä–∞–≤–ª—è—Ç—å –∏–Ω—Ñ–æ—Ä–º–∞—Ü–∏–µ–π? –í–µ–¥—å –æ–Ω–∞ –Ω–µ–æ—Å—è–∑–∞–µ–º–∞, –Ω–µ–∏—Å—á–µ—Ä–ø–∞–µ–º–∞, –µ–µ –º–æ–∂–Ω–æ –Ω–µ–æ–≥—Ä–∞–Ω–∏—á–µ–Ω–Ω–æ —Ä–∞—Å–ø—Ä–æ—Å—Ç—Ä–∞–Ω—è—Ç—å. #–ò–¢–ú–û;None
–£–Ω–∏–≤–µ—Ä—Å–∏—Ç–µ—Ç –ò–¢–ú–û;2016-07-23 15:27:23;–ù–∞—á–∏–Ω–∞–µ—Ç—Å—è –ª–µ–∫—Ü–∏—è –ù–∏–Ω—ã –Ø–Ω—ã–∫–∏–Ω–æ–π, –∫–æ—Ç–æ—Ä–∞—è —Ä–∞—Å—Å–∫–∞–∂–µ—Ç –æ —Ç–æ–º, –∫–∞–∫ —É–ø—Ä–∞–≤–ª—è—Ç—å –∏–Ω—Ç–µ–ª–ª–µ–∫—Ç—É–∞–ª—å–Ω—ã–º –∫–∞–ø–∏—Ç–∞–ª–æ–º. #–ò–¢–ú–û;None
AlekSandra;2016-07-23 13:24:28;–¢–æ—Ç –≤–æ–ª—à–µ–±–Ω—ã–π –º–æ–º–µ–Ω—Ç, –∫–æ–≥–¥–∞ —Ç—ã –ª–æ–≤–∏—à—å –ø–æ–ø—É—Ç–∫—É –∏ —Ç–µ–±—è –ø–æ–¥–≤–æ–∑–∏—Ç –ø–æ–ª–∏—Ü–∏—è! üöîüö®üí® (@ –£–°–û–¶ "–Ø–≥–æ–¥–Ω–æ–µ" –£–Ω–∏–≤–µ—Ä—Å–∏—Ç–µ—Ç–∞ –ò–¢–ú–û) https://t.co/uDvrZQUfe3;60.63044081,29.99367963
Masha Rassha;2016-07-23 12:57:18;–£—á—ë–Ω—ã–µ –∏–∑ –ê—Å—Ç–æ–Ω—Å–∫–æ–≥–æ —É–Ω–∏–≤–µ—Ä—Å–∏—Ç–µ—Ç–∞ –∏ –£–Ω–∏–≤–µ—Ä—Å–∏—Ç–µ—Ç–∞ –ò–¢–ú–û —Ä–∞–∑—Ä–∞–±–æ—Ç–∞–ª–∏ —É–Ω–∏–∫–∞–ª—å–Ω—ã–π –æ–ø—Ç–∏—á–µ—Å–∫–∏–π –º–∏–∫—Ä–æ—Ä–µ–∑–æ–Ω–∞—Ç–æ—Ä: –ü—Ä–æ—Ñ–µ... https://t.co/lx3uHVr1MJ;None
maks nurlanov;2016-07-23 12:46:22;RT @spbifmo: –ù–µ–º–Ω–æ–≥–æ –æ –±–∏–∑–Ω–µ—Å-–∞–Ω–≥–µ–ª–∞—Ö –≤ –†–æ—Å—Å–∏–∏. –ò–Ω–≤–µ—Å—Ç–æ—Ä —Ä–∞—Å—Å—É–∂–¥–∞–µ—Ç —Ç–∞–∫: —Å–∫–æ–ª—å–∫–æ –¥–µ–Ω–µ–≥ –≤ —ç—Ç–æ–º –≥–æ–¥—É —è –º–æ–≥—É –∫—Ä–∞—Å–∏–≤–æ –ø–æ—Ç–µ—Ä—è—Ç—å #–ò–¢–ú–û;None
–°–µ—Ä–≥–µ–π –ò–≤–∞–Ω–æ–≤;2016-07-23 11:49:33;RT @chrdk_ru: –£—á–µ–Ω—ã–π –∏–∑ –ò–¢–ú–û –ø—Ä–µ–¥–ª–æ–∂–∏–ª –Ω–æ–≤—ã–π –º–µ—Ç–æ–¥ –∏–∑–≥–æ—Ç–æ–≤–ª–µ–Ω–∏—è –æ–ø—Ç–∏—á–µ—Å–∫–∏—Ö —Ä–µ–∑–æ–Ω–∞—Ç–æ—Ä–æ–≤: https://t.co/nmxkOYBn72;None
–ù–∞—É–∫–∞ –Ω–∞ –ß–µ—Ä–¥–∞–∫–µ;2016-07-23 11:00:14;–£—á–µ–Ω—ã–π –∏–∑ –ò–¢–ú–û –ø—Ä–µ–¥–ª–æ–∂–∏–ª –Ω–æ–≤—ã–π –º–µ—Ç–æ–¥ –∏–∑–≥–æ—Ç–æ–≤–ª–µ–Ω–∏—è –æ–ø—Ç–∏—á–µ—Å–∫–∏—Ö —Ä–µ–∑–æ–Ω–∞—Ç–æ—Ä–æ–≤: https://t.co/nmxkOYBn72;None
–£–Ω–∏–≤–µ—Ä—Å–∏—Ç–µ—Ç –ò–¢–ú–û;2016-07-23 10:55:21;Magic Leap - –ø—Ä–æ–¥—É–∫—Ç–∞ –Ω–µ—Ç, –Ω–æ —Å—Ç–æ–∏–º–æ—Å—Ç—å –∫–æ–º–ø–∞–Ω–∏–∏ 1.4 –¥–æ–ª–ª–∞—Ä–æ–≤.  #–ò–¢–ú–û;None
zlata;2016-07-23 10:45:41;@ghtxht –≤ –∏—Ç–º–æ –Ω–µ –ø–æ—Å—Ç—É–ø–∏–ª–∞ –∏ –≤—Å–µ? —Å—Ç—Ä–∞—Ö –ø–æ—Ç–µ—Ä—è–ª–∞?;None
–£–Ω–∏–≤–µ—Ä—Å–∏—Ç–µ—Ç –ò–¢–ú–û;2016-07-23 10:43:58;–í –ï–≤—Ä–æ–ø–µ –∑–∞—Ä–æ–∂–¥–µ–Ω–∏–µ —Å—Ç–∞—Ä—Ç–∞–ø-–∫—É–ª—å—Ç—É—Ä—ã —Ç—Ä–∞–¥–∏—Ü–∏–æ–Ω–Ω–æ –ø—Ä–æ–∏—Å—Ö–æ–¥–∏—Ç –≤–æ–∫—Ä—É–≥ –∫–æ—Ä–ø–æ—Ä–∞—Ü–∏–π. #–ò–¢–ú–û;None
–£–Ω–∏–≤–µ—Ä—Å–∏—Ç–µ—Ç –ò–¢–ú–û;2016-07-23 10:35:43;–ù–µ–º–Ω–æ–≥–æ –æ –±–∏–∑–Ω–µ—Å-–∞–Ω–≥–µ–ª–∞—Ö –≤ –†–æ—Å—Å–∏–∏. –ò–Ω–≤–µ—Å—Ç–æ—Ä —Ä–∞—Å—Å—É–∂–¥–∞–µ—Ç —Ç–∞–∫: —Å–∫–æ–ª—å–∫–æ –¥–µ–Ω–µ–≥ –≤ —ç—Ç–æ–º –≥–æ–¥—É —è –º–æ–≥—É –∫—Ä–∞—Å–∏–≤–æ –ø–æ—Ç–µ—Ä—è—Ç—å #–ò–¢–ú–û;None
–£–Ω–∏–≤–µ—Ä—Å–∏—Ç–µ—Ç –ò–¢–ú–û;2016-07-23 10:30:53;–°–µ–π—á–∞—Å —Å–∏—Ç—É–∞—Ü–∏—è –∏–∑–º–µ–Ω–∏–ª–∞—Å—å - –±–æ–ª—å—à–∏–Ω—Å—Ç–≤–æ —Ç–µ—Ö–Ω–æ–ª–æ–≥–∏–π —Å–æ–∑–¥–∞—ë—Ç—Å—è –≤ –∫–æ—Ä–ø–æ—Ä–∞—Ü–∏—è—Ö. #–ò–¢–ú–û;None
–£–Ω–∏–≤–µ—Ä—Å–∏—Ç–µ—Ç –ò–¢–ú–û;2016-07-23 10:28:15;–ü–æ—á–µ–º—É –±—ã–ª –≤–∑–ª—ë—Ç —Å—Ç–∞—Ä—Ç–∞–ø –∫—É–ª—å—Ç—É—Ä—ã –Ω–∞ —Ä—É–±–µ–∂–µ –≤–µ–∫–æ–≤? –ù–æ–≤–∏–∑–Ω–∞! –í —Ç–æ –≤—Ä–µ–º—è –±—ã–ª–æ –¥–µ–π—Å—Ç–≤–∏—Ç–µ–ª—å–Ω–æ –º–Ω–æ–≥–æ –Ω–æ–≤—ã—Ö —Ç–µ—Ö–Ω–æ–ª–æ–≥–∏–π. #–ò–¢–ú–û;None
–£–Ω–∏–≤–µ—Ä—Å–∏—Ç–µ—Ç –ò–¢–ú–û;2016-07-23 10:26:45;–ù–∞–¥–æ –ø–æ–Ω–∏–º–∞—Ç—å, —á—Ç–æ —Å—Ç–∞—Ä—Ç–∞–ø —ç—Ç–æ –º–∞—Å—à—Ç–∞–±–∏—Ä–æ–≤–∞–Ω–Ω—ã–π –±–∏–∑–Ω–µ—Å. #–ò–¢–ú–û;None
–£–Ω–∏–≤–µ—Ä—Å–∏—Ç–µ—Ç –ò–¢–ú–û;2016-07-23 10:25:37;–ü–æ—á–µ–º—É –∏–Ω–Ω–æ–≤–∞—Ü–∏–∏ –Ω–µ –≤–µ–¥—É—Ç –Ω–∞—Å –≤–ø–µ—Ä–µ–¥ —Å –±–æ–ª—å—à–µ–π —Å–∫–æ—Ä–æ—Å—Ç—å—é? –ù–µ–∫—É–¥–∞ –∏–Ω–≤–µ—Å—Ç–∏—Ä–æ–≤–∞—Ç—å. #–ò–¢–ú–û;None
–£–Ω–∏–≤–µ—Ä—Å–∏—Ç–µ—Ç –ò–¢–ú–û;2016-07-23 10:24:40;–ù–µ–ª—å–∑—è —Å–æ–∑–¥–∞—Ç—å –±–∏–∑–Ω–µ—Å –∏ –Ω–µ —Å–æ–≤–µ—Ä—à–µ–Ω—Å—Ç–≤–æ–≤–∞—Ç—å –µ–≥–æ. –í—Å–µ–≥–¥–∞ –Ω—É–∂–Ω–æ –ø–æ–º–Ω–∏—Ç—å –æ –∫–æ–Ω–∫—É—Ä–µ–Ω—Ç–∞—Ö. –ò –∏–º–µ–Ω–Ω–æ —Å –∏–Ω–Ω–æ–≤–∞—Ü–∏—è–º–∏ —É –Ω–∞—Å –≤—Å–µ –Ω–µ —Ç–∞–∫ —Ö–æ—Ä–æ—à–æ. #–ò–¢–ú–û;None
–£–Ω–∏–≤–µ—Ä—Å–∏—Ç–µ—Ç –ò–¢–ú–û;2016-07-23 10:23:21;–ú–µ—Ä—Ç–≤–∞ –ª–∏ —Å—Ç–∞—Ä—Ç–∞–ø-–∫—É–ª—å—Ç—É—Ä–∞? –°–ø–∏–∫–µ—Ä:  –ö–æ–Ω—Å—Ç–∞–Ω—Ç–∏–Ω –ö–∞—Ä—á–º–∞—Ä—Å–∫–∏–π. –ü–æ–¥–∫–ª—é—á–∞–π—Ç–µ—Å—å –∫ –Ω–∞—à–µ–π —Ç—Ä–∞–Ω—Å–ª—è—Ü–∏–∏! #–ò–¢–ú–û;None
Branding;2016-07-23 09:59:33;–ö–∞–∫ IT-–±—Ä–µ–Ω–¥—ã –≤–ª–∏—è—é—Ç –Ω–∞ –ª–æ—è–ª—å–Ω–æ—Å—Ç—å? –ß—Ç–æ –≤—Å–µ-—Ç–∞–∫–∏ –ª—É—á—à–µ: Google –∏–ª–∏ Yandex? –ü–æ–¥–∫–ª—é—á–∞–π—Ç–µ –∫ –Ω–∞—à–µ–π —Ç—Ä–∞–Ω—Å–ª—è—Ü–∏–∏ –Ω–∞ YouTube! #–ò–¢–ú–û;None
JuliaLark;2016-07-23 09:54:01;#–ø–æ–∫–µ–º–æ–Ω—ã –≤ #–∏—Ç–º–æ https://t.co/5JiPkPww1O;None
–£–Ω–∏–≤–µ—Ä—Å–∏—Ç–µ—Ç –ò–¢–ú–û;2016-07-23 09:43:37;–°–∞–º Windows –±—ã–ª —Ä–∞–¥ —ç—Ç–æ–º—É —Ä–µ—à–µ–Ω–∏—é. –í—Å–µ-—Ç–∞–∫–∏ –Ω–µ–ª–æ–≤–∫–æ, –∫–æ–≥–¥–∞ –ø–æ —Ç–µ–ª–µ–≤–∏–∑–æ—Ä—É –ø–æ–∫–∞–∑—ã–≤–∞—é—Ç, –Ω–∞—Å–∫–æ–ª—å–∫–æ —Ç–≤–æ–π –±—Ä–∞—É–∑–µ—Ä –º–µ–¥–ª–µ–Ω–Ω—ã–π. #–ò–¢–ú–û;None
–£–Ω–∏–≤–µ—Ä—Å–∏—Ç–µ—Ç –ò–¢–ú–û;2016-07-23 09:40:00;–ê –≤—Å–µ –ø–æ—Ç–æ–º—É —á—Ç–æ –≤ 2009 –≥–æ–¥—É –ï–≤—Ä–æ–∫–æ–º–∏—Å—Å–∏—è –æ–±—è–∑–∞–ª–∞ Windows –ø—Ä–µ–¥–æ—Å—Ç–∞–≤–ª—è—Ç—å –≤—ã–±–æ—Ä –±—Ä–∞—É–∑–µ—Ä–∞ #–ò–¢–ú–û;None
–£–Ω–∏–≤–µ—Ä—Å–∏—Ç–µ—Ç –ò–¢–ú–û;2016-07-23 09:38:55;–ù–∞ —Å–∞–º–æ–º –¥–µ–ª–µ –≤–æ–π–Ω—ã –æ–ø–µ—Ä–∞—Ü–∏–æ–Ω–Ω—ã—Ö —Å–∏—Å—Ç–µ–º –Ω–µ—Ç –∏ –Ω–µ –±—É–¥–µ—Ç. –î—Ä—É–≥–æ–µ –¥–µ–ª–æ –±—Ä–∞—É–∑–µ—Ä—ã: –Ω–µ–æ–∂–∏–¥–∞–Ω–Ω–æ Chrome –∏ Firefox –≤—ã—Ä–≤–∞–ª–∏—Å—å –≤–ø–µ—Ä–µ–¥. #–ò–¢–ú–û;None
–£–Ω–∏–≤–µ—Ä—Å–∏—Ç–µ—Ç –ò–¢–ú–û;2016-07-23 09:32:14;–ù–µ–º–Ω–æ–≥–æ –æ –∫–æ–Ω–∫—É—Ä–µ–Ω—Ü–∏–∏ –Ω–∞ —Ä—ã–Ω–∫–µ. –ï—Å—Ç—å –ª–∏ –≤–æ–∑–º–æ–∂–Ω–æ—Å—Ç—å —É –¥—Ä—É–≥–∏—Ö –∫–æ–º–ø–∞–Ω–∏–π –≤—ã–π—Ç–∏ –Ω–∞ —Ä—ã–Ω–æ–∫ –æ–ø–µ—Ä–∞—Ü–∏–æ–Ω–Ω—ã—Ö —Å–∏—Å—Ç–µ–º? #–ò–¢–ú–û https://t.co/zx3k5lw9bW;None
–£–Ω–∏–≤–µ—Ä—Å–∏—Ç–µ—Ç –ò–¢–ú–û;2016-07-23 09:29:55;Internet Explorer –≤—Å—Ç—Ä–æ–µ–Ω –≤ —Å–∏—Å—Ç–µ–º—É Windows. –í –º–∏—Ä–µ –≤—Å–µ–≥–æ 1% –ø–æ–ª—å–∑–æ–≤–∞—Ç–µ–ª–µ–π —ç—Ç–æ–≥–æ –±—Ä–∞—É–∑–µ—Ä–∞, –æ–Ω–∏ –≥–æ—Ç–æ–≤—ã –ø–æ–ª—å–∑–æ–≤–∞—Ç—å—Å—è –∏–º –ø–æ —É–º–æ–ª—á–∞–Ω–∏—é #–ò–¢–ú–û;None
–£–Ω–∏–≤–µ—Ä—Å–∏—Ç–µ—Ç –ò–¢–ú–û;2016-07-23 09:26:29;–ü–æ—á–µ–º—É –º—ã –≤—ã–±–∏—Ä–∞–µ–º —Ç–æ—Ç –∏–ª–∏ –∏–Ω–æ–π –ø—Ä–æ–¥—É–∫—Ç: –∏—Å–ø–æ–ª—å–∑–æ–≤–∞–ª–∏ —Ä–∞–Ω—å—à–µ, —Ä–µ–∫–æ–º–µ–Ω–¥–∞—Ü–∏—è –¥—Ä—É–∑–µ–π, —Ä–µ–∫–ª–∞–º–∞, –≤—Å—Ç—Ä–æ–µ–Ω–æ –≤ —Å–∏—Å—Ç–µ–º—É –≥–∞–¥–∂–µ—Ç–∞. #–ò–¢–ú–û;None
–£–Ω–∏–≤–µ—Ä—Å–∏—Ç–µ—Ç –ò–¢–ú–û;2016-07-23 09:23:13;–ö–∞–∫ IT-–±—Ä–µ–Ω–¥—ã –≤–ª–∏—è—é—Ç –Ω–∞ –ª–æ—è–ª—å–Ω–æ—Å—Ç—å? –ß—Ç–æ –≤—Å–µ-—Ç–∞–∫–∏ –ª—É—á—à–µ: Google –∏–ª–∏ Yandex? –ü–æ–¥–∫–ª—é—á–∞–π—Ç–µ –∫ –Ω–∞—à–µ–π —Ç—Ä–∞–Ω—Å–ª—è—Ü–∏–∏ –Ω–∞ YouTube! #–ò–¢–ú–û;None
KudagoSPb;2016-07-23 09:20:06;–ò–Ω—Ç–µ—Ä–∞–∫—Ç–∏–≤–Ω–∞—è –≤—ã—Å—Ç–∞–≤–∫–∞ ¬´–ñ–∏–≤–æ–π —Å–≤–µ—Ç¬ª –≤ –ú—É–∑–µ–µ –æ–ø—Ç–∏–∫–∏ –£–Ω–∏–≤–µ—Ä—Å–∏—Ç–µ—Ç–∞ –ò–¢–ú–û https://t.co/ZCmE1vTRm1;None
–£–Ω–∏–≤–µ—Ä—Å–∏—Ç–µ—Ç –ò–¢–ú–û;2016-07-23 09:05:10;–ß–µ—Ä–µ–∑ –ø–∞—Ä—É –º–∏–Ω—É—Ç –∏—é–ª—å—Å–∫–∏–π –û—Ç–∫—Ä—ã—Ç—ã–π —É–Ω–∏–≤–µ—Ä—Å–∏—Ç–µ—Ç –æ—Ç–∫—Ä–æ–µ—Ç –ª–µ–∫—Ü–∏—è –õ–∏–¥–∏–∏ –ü–µ—Ä–æ–≤—Å–∫–æ–π! #–ò–¢–ú–û https://t.co/4aa74zllIa;None
Jane Smorodnikova;2016-07-23 08:45:17;–ö—Ç–æ –∑–Ω–∞–µ—Ç, –∫—É–¥–∞ –Ω—É–∂–Ω–æ –ø–æ—Å—Ç—É–ø–∞—Ç—å –≤ –ò–¢–ú–û, —á—Ç–æ–±—ã –ø–æ—Ç–æ–º –∂–∏—Ç—å –≤ –Ω–æ—Ä–º–∞–ª—å–Ω–æ–π –æ–±—â–∞–≥–µ?)) –ò–ª–∏ –∫–∞–∫ –≤–æ–æ–±—â–µ –æ—Ä–≥–∞–Ω–∏–∑–æ–≤–∞—Ç—å—Å—è... https://t.co/RsnY0y7l8z;None
–í–æ–ª–æ–≥—É–µ–≤ –ó–∞—Ö–∞—Ä;2016-07-23 08:42:41;—Å–∫–∞–∂–∏—Ç–µ —Ä–µ–∞–ª—å–Ω–æ –ø–æ—Å—Ç—É–ø–∏—Ç—å –≤ –ò–¢–ú–û (–°–∞–Ω–∫—Ç-–ü–µ—Ç–µ—Ä–±—É—Ä–≥) –Ω–∞ –±—é–¥–∂–µ—Ç?;None
–ë–∞—Ä–¥–∏—Å –¢–µ–æ–¥–æ—Ä;2016-07-22 22:23:48;–ï—Å—Ç—å –∫—Ç–æ-–Ω–∏–±—É–¥—å –∫—Ç–æ —É—á–∏–ª—Å—è –≤ –ò–¢–ú–û –∏–ª–∏ —É—á–∏—Ç—Å—è —Ç–∞–º?;None
–£–Ω–∏–≤–µ—Ä—Å–∏—Ç–µ—Ç –ò–¢–ú–û;2016-07-22 18:55:32;–£—á–µ–Ω—ã–µ –Ω–∞—É—á–∏–ª–∏—Å—å —Å–æ–∑–¥–∞–≤–∞—Ç—å –º–∏–∫—Ä–æ—Ä–µ–∑–æ–Ω–∞—Ç–æ—Ä—ã —Å —Ä–µ–∫–æ—Ä–¥–Ω–æ–π —Ç–æ—á–Ω–æ—Å—Ç—å—é https://t.co/sUgoI5etrP #–ò–¢–ú–û;None
Ekaterina Son;2016-07-22 17:03:09;–°—á–∞—Å—Ç–ª–∏–≤—ã–π –Ω–æ–º–µ—Ä –ø—Ä–∏–∫–∞–∑–∞ –æ –∑–∞—á–∏—Å–ª–µ–Ω–∏–∏üéâüéâüéâ #–ø—Ä–∏–∫–∞–∑ #1111 #–∏—Ç–º–æ #–∑–∞—á–∏—Å–ª–µ–Ω–∞üî• #—É–Ω–∏–≤–µ—Ä–ñ–¥–∏–í–°–µ–Ω—Ç—è–±—Ä–µ #–±—é–¥–∂–µ—Ç #—Å—Ç–∏–ø–µ–Ω–¥–∏—èüí∞ https://t.co/d3BBNynVEg;None
–ö–∞–∫—É–ª—è –°—Ç–µ–ø–∞–Ω;2016-07-22 14:33:10;—Å–∫–∞–∂–∏—Ç–µ —Ä–µ–∞–ª—å–Ω–æ –ø–æ—Å—Ç—É–ø–∏—Ç—å –≤ –ò–¢–ú–û (–°–∞–Ω–∫—Ç-–ü–µ—Ç–µ—Ä–±—É—Ä–≥) –Ω–∞ –±—é–¥–∂–µ—Ç?;None
